0:(71,70),(263,19),(85,76),(174,10),(289,77),(144,121),(148,85),(40,3),(21,105),(285,40),(169,28),(160,74),(204,48),(204,120),(22,61),(286,7),(30,91),(188,16),(319,33),(80,64),(295,53),(157,49),(127,56),(280,4),(195,79),(11,97),(42,83),(262,76),(54,55),(43,67),(65,109),(231,58),(42,53),(76,16),(319,32),(90,88),(157,28),(258,13),(29,58),(226,90),(138,87),(318,24),(7,36),(158,49),(128,64),(287,104),(251,103),(246,67),(42,16),(304,100),
1:(72,70),(262,19),(86,76),(173,10),(288,77),(143,121),(149,85),(40,4),(22,105),(285,41),(170,28),(160,75),(204,49),(204,119),(23,61),(287,7),(30,92),(187,16),(319,34),(79,64),(295,54),(158,49),(127,55),(280,5),(194,79),(11,98),(42,82),(261,76),(53,55),(44,67),(66,109),(230,58),(43,53),(77,16),(319,31),(91,88),(158,28),(259,13),(28,58),(226,91),(138,88),(318,25),(8,36),(159,49),(127,64),(287,103),(252,103),(245,67),(43,16),(305,100),
2:(73,70),(261,19),(87,76),(172,10),(288,76),(142,121),(150,85),(40,5),(23,105),(285,42),(171,28),(160,76),(204,50),(204,118),(24,61),(287,8),(30,93),(186,16),(318,34),(78,64),(295,55),(159,49),(127,54),(280,6),(193,79),(12,98),(42,81),(260,76),(52,55),(45,67),(67,109),(229,58),(43,52),(78,16),(318,31),(92,88),(159,28),(259,14),(27,58),(227,91),(138,89),(317,25),(9,36),(160,49),(126,64),(286,103),(253,103),(244,67),(43,17),(306,100),
3:(74,70),(260,19),(88,76),(171,10),(287,76),(141,121),(151,85),(40,6),(23,106),(284,42),(172,28),(160,77),(204,51),(204,117),(24,62),(287,9),(30,94),(185,16),(318,35),(77,64),(295,56),(160,49),(127,53),(279,6),(192,79),(12,99),(42,80),(259,76),(51,55),(45,68),(68,109),(228,58),(43,51),(79,16),(317,31),(93,88),(160,28),(259,15),(27,59),(228,91),(138,90),(317,26),(9,37),(161,49),(125,64),(286,102),(254,103),(243,67),(44,17),(307,100),
4:(75,70),(259,19),(89,76),(170,10),(286,76),(140,121),(152,85),(40,7),(24,106),(284,43),(173,28),(160,78),(204,52),(204,116),(25,62),(288,9),(31,94),(184,16),(317,35),(76,64),(295,57),(160,50),(127,52),(278,6),(191,79),(13,99),(43,80),(259,77),(50,55),(45,69),(69,109),(227,58),(44,51),(80,16),(317,30),(94,88),(160,27),(259,16),(27,60),(229,91),(138,91),(317,27),(10,37),(162,49),(124,64),(286,101),(255,103),(242,67),(44,18),(308,100),
5:(76,70),(259,20),(90,76),(169,10),(286,75),(139,121),(153,85),(40,8),(25,106),(283,43),(174,28),(160,79),(204,53),(204,115),(26,62),(289,9),(31,95),(183,16),(317,36),(75,64),(294,57),(160,51),(127,51),(278,7),(190,79),(14,99),(44,80),(259,78),(50,56),(45,70),(70,109),(226,58),(44,50),(81,16),(317,29),(94,89),(160,26),(259,17),(26,60),(230,91),(138,92),(316,27),(10,38),(163,49),(123,64),(285,101),(256,103),(241,67),(45,18),(309,100),
6:(77,70),(259,21),(91,76),(168,10),(285,75),(138,121),(154,85),(40,9),(26,106),(283,44),(175,28),(160,80),(204,54),(204,114),(27,62),(290,9),(32,95),(182,16),(317,37),(74,64),(293,57),(160,52),(127,50),(278,8),(189,79),(15,99),(45,80),(259,79),(49,56),(46,70),(71,109),(226,59),(45,50),(82,16),(316,29),(94,90),(160,25),(259,18),(25,60),(231,91),(138,93),(315,27),(11,38),(164,49),(122,64),(284,101),(257,103),(240,67),(45,19),(309,99),
7:(78,70),(259,22),(92,76),(167,10),(284,75),(138,120),(155,85),(41,9),(27,106),(283,45),(176,28),(160,81),(204,55),(204,113),(27,63),(291,9),(32,96),(181,16),(317,38),(73,64),(293,58),(161,52),(127,49),(278,9),(188,79),(15,100),(45,79),(259,80),(48,56),(47,70),(72,109),(226,60),(46,50),(83,16),(316,28),(94,91),(160,24),(259,19),(24,60),(232,91),(138,94),(314,27),(12,38),(165,49),(121,64),(283,101),(258,103),(239,67),(45,20),(309,98),
8:(79,70),(258,22),(93,76),(166,10),(283,75),(138,119),(156,85),(41,10),(28,106),(282,45),(177,28),(160,82),(205,55),(204,112),(28,63),(291,10),(32,97),(180,16),(316,38),(72,64),(293,59),(162,52),(126,49),(278,10),(187,79),(16,100),(46,79),(259,81),(48,57),(48,70),(73,109),(226,61),(47,50),(84,16),(315,28),(95,91),(160,23),(260,19),(24,61),(233,91),(138,95),(314,28),(13,38),(166,49),(120,64),(283,100),(259,103),(238,67),(46,20),(309,97),
9:(80,70),(257,22),(94,76),(165,10),(282,75),(138,118),(157,85),(42,10),(29,106),(281,45),(178,28),(161,82),(206,55),(203,112),(29,63),(292,10),(32,98),(179,16),(316,39),(72,65),(292,59),(163,52),(125,49),(277,10),(186,79),(17,100),(47,79),(259,82),(48,58),(48,71),(74,109),(225,61),(47,49),(85,16),(314,28),(96,91),(160,22),(261,19),(24,62),(234,91),(138,96),(313,28),(13,39),(167,49),(119,64),(283,99),(259,102),(237,67),(46,21),(309,96),
10:(81,70),(256,22),(94,77),(164,10),(281,75),(137,118),(158,85),(43,10),(30,106),(280,45),(179,28),(162,82),(207,55),(202,112),(30,63),(292,11),(33,98),(178,16),(315,39),(72,66),(292,60),(164,52),(124,49),(277,11),(185,79),(18,100),(48,79),(259,83),(47,58),(48,72),(75,109),(224,61),(48,49),(86,16),(313,28),(97,91),(161,22),(262,19),(24,63),(235,91),(138,97),(313,29),(14,39),(168,49),(118,64),(282,99),(259,101),(236,67),(47,21),(309,95),
11:(82,70),(255,22),(94,78),(163,10),(280,75),(136,118),(159,85),(44,10),(31,106),(279,45),(180,28),(163,82),(208,55),(201,112),(31,63),(292,12),(33,99),(177,16),(314,39),(72,67),(292,61),(165,52),(123,49),(277,12),(184,79),(19,100),(49,79),(259,84),(46,58),(48,73),(76,109),(223,61),(49,49),(87,16),(312,28),(98,91),(162,22),(263,19),(23,63),(236,91),(138,98),(312,29),(15,39),(169,49),(117,64),(281,99),(259,100),(235,67),(48,21),(309,94),
12:(83,70),(254,22),(94,79),(162,10),(280,74),(135,118),(160,85),(44,11),(32,106),(278,45),(181,28),(164,82),(209,55),(200,112),(32,63),(292,13),(34,99),(176,16),(313,39),(71,67),(292,62),(166,52),(122,49),(277,13),(183,79),(20,100),(50,79),(259,85),(46,59),(48,74),(77,109),(222,61),(49,48),(88,16),(311,28),(99,91),(163,22),(264,19),(22,63),(237,91),(138,99),(311,29),(16,39),(170,49),(116,64),(281,98),(259,99),(234,67),(48,22),(309,93),
13:(84,70),(253,22),(95,79),(161,10),(280,73),(134,118),(160,84),(45,11),(33,106),(278,46),(182,28),(165,82),(210,55),(199,112),(32,64),(293,13),(35,99),(175,16),(313,40),(70,67),(292,63),(167,52),(121,49),(277,14),(182,79),(21,100),(51,79),(259,86),(46,60),(48,75),(78,109),(221,61),(49,47),(89,16),(310,28),(100,91),(164,22),(265,19),(22,64),(237,92),(138,100),(310,29),(17,39),(171,49),(116,65),(280,98),(259,98),(233,67),(49,22),(309,92),
14:(85,70),(252,22),(96,79),(160,10),(280,72),(133,118),(160,83),(46,11),(34,106),(278,47),(183,28),(166,82),(211,55),(198,112),(33,64),(293,14),(35,100),(174,16),(313,41),(69,67),(291,63),(168,52),(120,49),(276,14),(182,80),(22,100),(52,79),(259,87),(45,60),(48,76),(79,109),(220,61),(49,46),(90,16),(309,28),(101,91),(165,22),(266,19),(22,65),(237,93),(139,100),(309,29),(18,39),(172,49),(116,66),(279,98),(259,97),(232,67),(49,23),(309,91),
15:(86,70),(251,22),(97,79),(160,11),(280,71),(132,118),(160,82),(46,12),(35,106),(277,47),(184,28),(167,82),(212,55),(197,112),(34,64),(294,14),(36,100),(173,16),(312,41),(68,67),(290,63),(169,52),(119,49),(275,14),(182,81),(23,100),(52,79),(259,88),(44,60),(49,76),(80,109),(219,61),(49,45),(91,16),(308,28),(102,91),(166,22),(267,19),(22,66),(237,94),(140,100),(308,29),(19,39),(173,49),(116,67),(278,98),(259,96),(231,67),(50,23),(309,90),
16:(87,70),(250,22),(98,79),(160,12),(279,71),(131,118),(161,82),(46,13),(36,106),(277,48),(185,28),(168,82),(213,55),(196,112),(35,64),(294,15),(36,101),(172,16),(312,42),(67,67),(289,63),(170,52),(118,49),(274,14),(182,82),(24,100),(52,79),(259,89),(43,60),(49,77),(81,109),(218,61),(49,44),(92,16),(307,28),(103,91),(167,22),(268,19),(21,66),(237,95),(141,100),(307,29),(19,40),(174,49),(116,68),(277,98),(259,95),(230,67),(50,24),(309,89),
17:(88,70),(249,22),(99,79),(160,13),(279,70),(130,118),(162,82),(47,13),(37,106),(277,49),(186,28),(169,82),(214,55),(195,112),(35,65),(294,16),(37,101),(171,16),(312,43),(66,67),(288,63),(171,52),(117,49),(274,15),(182,83),(25,100),(52,79),(259,90),(42,60),(50,77),(82,109),(217,61),(49,43),(93,16),(306,28),(104,91),(168,22),(269,19),(20,66),(237,96),(142,100),(306,29),(19,41),(175,49),(116,69),(277,97),(259,94),(229,67),(50,25),(309,88),
18:(89,70),(248,22),(100,79),(159,13),(279,69),(129,118),(163,82),(48,13),(38,106),(276,49),(187,28),(170,82),(215,55),(194,112),(35,66),(294,17),(38,101),(171,17),(311,43),(65,67),(287,63),(172,52),(116,49),(273,15),(182,84),(26,100),(52,79),(259,91),(41,60),(50,78),(83,109),(216,61),(49,42),(94,16),(305,28),(105,91),(169,22),(270,19),(20,67),(237,97),(143,100),(305,29),(20,41),(176,49),(116,70),(276,97),(259,93),(228,67),(50,26),(309,87),
19:(90,70),(247,22),(101,79),(158,13),(278,69),(128,118),(164,82),(49,13),(39,106),(275,49),(188,28),(171,82),(215,56),(193,112),(35,67),(294,18),(39,101),(171,18),(311,44),(64,67),(286,63),(173,52),(116,48),(272,15),(182,85),(27,100),(52,79),(259,91),(40,60),(50,79),(83,108),(215,61),(49,41),(95,16),(304,28),(106,91),(170,22),(270,20),(19,67),(237,98),(144,100),(304,29),(21,41),(177,49),(116,71),(275,97),(259,92),(227,67),(50,27),(309,86),
20:(91,70),(246,22),(102,79),(157,13),(277,69),(127,118),(165,82),(50,13),(40,106),(274,49),(189,28),(172,82),(215,57),(193,111),(36,67),(294,19),(40,101),(171,19),(311,45),(63,67),(285,63),(174,52),(116,47),(271,15),(182,86),(28,100),(52,79),(258,91),(39,60),(51,79),(83,107),(214,61),(49,40),(96,16),(303,28),(107,91),(171,22),(270,21),(18,67),(237,99),(145,100),(304,30),(21,42),(178,49),(116,72),(275,96),(259,91),(226,67),(50,28),(309,85),
21:(92,70),(245,22),(103,79),(156,13),(276,69),(126,118),(166,82),(51,13),(41,106),(273,49),(190,28),(173,82),(215,58),(193,110),(36,68),(294,20),(41,101),(170,19),(310,45),(62,67),(285,64),(175,52),(116,46),(270,15),(182,87),(29,100),(53,79),(259,91),(38,60),(52,79),(83,106),(213,61),(49,39),(97,16),(302,28),(108,91),(172,22),(271,21),(17,67),(237,100),(146,100),(303,30),(21,43),(179,49),(116,73),(274,96),(259,90),(225,67),(50,29),(309,84),
22:(93,70),(244,22),(104,79),(155,13),(275,69),(125,118),(167,82),(52,13),(42,106),(272,49),(191,28),(174,82),(215,59),(193,109),(37,68),(294,21),(41,102),(169,19),(309,45),(61,67),(284,64),(176,52),(115,46),(270,16),(182,88),(30,100),(54,79),(259,92),(37,60),(53,79),(84,106),(212,61),(49,38),(98,16),(301,28),(109,91),(173,22),(272,21),(17,68),(238,100),(147,100),(302,30),(22,43),(180,49),(116,74),(274,95),(259,89),(224,67),(50,30),(309,83),
23:(94,70),(243,22),(105,79),(154,13),(275,68),(124,118),(168,82),(53,13),(43,106),(271,49),(192,28),(175,82),(215,60),(193,108),(38,68),(294,22),(42,102),(168,19),(309,46),(61,68),(284,65),(177,52),(114,46),(270,17),(182,89),(31,100),(55,79),(259,93),(36,60),(54,79),(85,106),(211,61),(49,37),(99,16),(300,28),(110,91),(174,22),(272,22),(16,68),(239,100),(148,100),(301,30),(22,44),(181,49),(116,75),(273,95),(259,88),(223,67),(50,31),(309,82),
24:(94,71),(242,22),(106,79),(153,13),(274,68),(123,118),(169,82),(54,13),(44,106),(270,49),(193,28),(176,82),(215,61),(193,107),(39,68),(294,23),(42,103),(167,19),(309,47),(61,69),(283,65),(178,52),(113,46),(270,18),(182,90),(32,100),(56,79),(259,94),(35,60),(55,79),(86,106),(210,61),(49,36),(100,16),(299,28),(111,91),(175,22),(272,23),(16,69),(240,100),(149,100),(301,31),(23,44),(182,49),(116,76),(272,95),(259,87),(222,67),(51,31),(309,81),
25:(94,72),(241,22),(107,79),(152,13),(273,68),(122,118),(170,82),(55,13),(45,106),(269,49),(193,27),(177,82),(216,61),(193,106),(40,68),(294,24),(43,103),(166,19),(309,48),(61,70),(283,66),(179,52),(112,46),(270,19),(182,91),(33,100),(57,79),(258,94),(34,60),(56,79),(87,106),(209,61),(49,35),(101,16),(298,28),(112,91),(176,22),(272,24),(16,70),(241,100),(150,100),(301,32),(23,45),(183,49),(116,77),(272,94),(259,86),(221,67),(52,31),(309,80),
26:(94,73),(240,22),(108,79),(151,13),(272,68),(121,118),(171,82),(56,13),(46,106),(268,49),(193,26),(178,82),(217,61),(193,105),(40,69),(294,25),(43,104),(165,19),(308,48),(61,71),(282,66),(180,52),(111,46),(270,20),(181,91),(34,100),(58,79),(257,94),(33,60),(57,79),(88,106),(208,61),(49,34),(102,16),(297,28),(113,91),(177,22),(272,25),(16,71),(242,100),(151,100),(301,33),(24,45),(184,49),(116,78),(271,94),(259,85),(220,67),(53,31),(309,79),
27:(95,73),(239,22),(109,79),(150,13),(272,67),(120,118),(172,82),(57,13),(47,106),(267,49),(193,25),(179,82),(218,61),(193,104),(40,70),(294,26),(44,104),(164,19),(307,48),(61,72),(281,66),(181,52),(110,46),(270,21),(180,91),(35,100),(59,79),(256,94),(32,60),(58,79),(89,106),(207,61),(49,33),(103,16),(296,28),(114,91),(178,22),(272,26),(16,72),(243,100),(152,100),(300,33),(24,46),(185,49),(116,79),(270,94),(259,84),(219,67),(54,31),(309,78),
28:(96,73),(238,22),(110,79),(149,13),(271,67),(119,118),(173,82),(58,13),(48,106),(266,49),(193,24),(180,82),(219,61),(193,103),(40,71),(294,27),(45,104),(163,19),(306,48),(61,73),(280,66),(182,52),(109,46),(270,22),(179,91),(36,100),(60,79),(255,94),(31,60),(59,79),(90,106),(206,61),(49,32),(104,16),(295,28),(115,91),(179,22),(272,27),(15,72),(244,100),(153,100),(300,34),(24,47),(186,49),(116,80),(269,94),(259,83),(218,67),(55,31),(309,77),
29:(97,73),(237,22),(111,79),(149,14),(271,66),(118,118),(174,82),(59,13),(49,106),(265,49),(193,23),(181,82),(220,61),(193,102),(41,71),(294,27),(46,104),(162,19),(305,48),(61,74),(280,67),(182,53),(108,46),(270,23),(178,91),(37,100),(61,79),(254,94),(30,60),(60,79),(91,106),(205,61),(49,31),(105,16),(294,28),(116,91),(180,22),(272,28),(14,72),(245,100),(154,100),(299,34),(24,48),(187,49),(116,81),(268,94),(259,82),(217,67),(56,31),(309,76),
30:(98,73),(236,22),(112,79),(149,15),(270,66),(117,118),(175,82),(60,13),(50,106),(264,49),(193,22),(182,82),(221,61),(193,101),(41,72),(294,28),(46,105),(161,19),(305,49),(61,75),(279,67),(182,54),(107,46),(270,24),(177,91),(38,100),(62,79),(254,94),(29,60),(61,79),(92,106),(204,61),(49,30),(105,17),(293,28),(117,91),(181,22),(272,29),(14,73),(246,100),(155,100),(299,35),(25,48),(188,49),(116,82),(267,94),(259,81),(216,67),(57,31),(309,75),
31:(99,73),(235,22),(113,79),(149,16),(270,65),(116,118),(176,82),(61,13),(51,106),(263,49),(194,22),(183,82),(222,61),(193,100),(42,72),(294,29),(47,105),(160,19),(305,50),(61,76),(278,67),(182,55),(106,46),(270,25),(176,91),(39,100),(61,79),(254,94),(28,60),(61,80),(93,106),(204,62),(49,29),(105,18),(292,28),(118,91),(182,22),(272,30),(13,73),(247,100),(156,100),(299,36),(26,48),(189,49),(116,83),(266,94),(259,80),(215,67),(58,31),(309,74),
32:(100,73),(234,22),(114,79),(148,16),(270,64),(116,117),(177,82),(61,14),(52,106),(262,49),(195,22),(184,82),(223,61),(193,99),(43,72),(294,30),(47,106),(160,20),(304,50),(60,76),(277,67),(183,55),(105,46),(270,26),(175,91),(40,100),(60,79),(254,94),(27,60),(61,81),(94,106),(204,63),(49,28),(105,19),(291,28),(119,91),(183,22),(272,31),(12,73),(248,100),(157,100),(298,36),(27,48),(190,49),(116,84),(265,94),(259,79),(215,66),(59,31),(309,73),
33:(101,73),(233,22),(115,79),(147,16),(270,63),(116,116),(178,82),(61,15),(53,106),(261,49),(196,22),(185,82),(224,61),(193,98),(44,72),(294,31),(47,107),(160,21),(304,51),(59,76),(276,67),(184,55),(104,46),(270,27),(174,91),(41,100),(59,79),(254,94),(26,60),(61,82),(94,105),(204,64),(49,27),(105,20),(290,28),(120,91),(184,22),(272,32),(12,74),(249,100),(158,100),(297,36),(27,49),(191,49),(116,85),(264,94),(259,78),(215,65),(60,31),(309,72),
34:(102,73),(232,22),(116,79),(146,16),(270,62),(116,115),(179,82),(61,16),(54,106),(260,49),(197,22),(186,82),(225,61),(193,97),(45,72),(294,32),(48,107),(160,22),(303,51),(58,76),(275,67),(185,55),(103,46),(270,28),(173,91),(42,100),(58,79),(254,94),(25,60),(62,82),(94,104),(203,64),(49,26),(105,21),(289,28),(121,91),(185,22),(272,33),(12,75),(250,100),(159,100),(296,36),(27,50),(192,49),(116,86),(263,94),(259,77),(215,64),(61,31),(309,71),
35:(103,73),(231,22),(117,79),(145,16),(270,61),(116,114),(180,82),(62,16),(55,106),(259,49),(198,22),(187,82),(226,61),(193,96),(46,72),(294,33),(49,107),(160,23),(302,51),(57,76),(274,67),(186,55),(102,46),(269,28),(172,91),(43,100),(57,79),(254,94),(24,60),(63,82),(94,103),(202,64),(49,25),(105,22),(288,28),(122,91),(186,22),(272,34),(11,75),(251,100),(160,100),(296,37),(27,51),(193,49),(116,87),(262,94),(259,76),(214,64),(61,32),(309,70),
36:(104,73),(230,22),(118,79),(144,16),(270,60),(116,113),(181,82),(63,16),(56,106),(258,49),(199,22),(188,82),(227,61),(193,95),(46,73),(294,34),(49,108),(160,24),(301,51),(56,76),(273,67),(187,55),(101,46),(268,28),(171,91),(44,100),(56,79),(254,94),(23,60),(64,82),(94,102),(201,64),(49,24),(105,23),(287,28),(123,91),(187,22),(272,35),(10,75),(252,100),(161,100),(295,37),(28,51),(194,49),(116,88),(261,94),(259,75),(213,64),(61,33),(309,69),
37:(105,73),(229,22),(119,79),(143,16),(270,59),(116,112),(182,82),(64,16),(57,106),(257,49),(200,22),(189,82),(228,61),(193,94),(47,73),(294,35),(49,109),(160,25),(300,51),(55,76),(272,67),(188,55),(100,46),(267,28),(170,91),(45,100),(55,79),(254,94),(22,60),(65,82),(94,101),(200,64),(49,23),(105,24),(286,28),(124,91),(188,22),(272,36),(10,76),(253,100),(162,100),(294,37),(29,51),(195,49),(116,89),(260,94),(259,74),(212,64),(61,34),(309,68),
38:(106,73),(228,22),(120,79),(142,16),(270,58),(115,112),(183,82),(65,16),(58,106),(256,49),(201,22),(190,82),(229,61),(193,93),(47,74),(294,36),(49,110),(160,26),(299,51),(54,76),(271,67),(189,55),(99,46),(266,28),(169,91),(46,100),(54,79),(254,94),(21,60),(66,82),(94,100),(199,64),(49,22),(105,25),(285,28),(125,91),(189,22),(272,37),(10,77),(254,100),(163,100),(294,38),(29,52),(196,49),(116,90),(259,94),(259,73),(211,64),(62,34),(309,67),
39:(107,73),(227,22),(121,79),(141,16),(270,57),(114,112),(184,82),(66,16),(59,106),(255,49),(202,22),(191,82),(230,61),(193,92),(48,74),(294,37),(49,111),(160,27),(299,52),(53,76),(270,67),(190,55),(98,46),(265,28),(168,91),(47,100),(53,79),(254,94),(20,60),(67,82),(94,99),(198,64),(49,21),(106,25),(284,28),(126,91),(190,22),(272,38),(10,78),(255,100),(164,100),(293,38),(29,53),(197,49),(116,91),(258,94),(259,72),(210,64),(63,34),(309,66),
40:(108,73),(226,22),(122,79),(140,16),(270,56),(113,112),(185,82),(67,16),(60,106),(254,49),(203,22),(192,82),(231,61),(193,91),(49,74),(294,38),(49,112),(160,28),(299,53),(52,76),(269,67),(191,55),(97,46),(264,28),(167,91),(48,100),(52,79),(254,94),(19,60),(68,82),(94,98),(197,64),(49,20),(107,25),(283,28),(127,91),(191,22),(272,39),(10,79),(256,100),(165,100),(293,39),(29,54),(198,49),(116,92),(257,94),(259,71),(209,64),(64,34),(309,65),
41:(109,73),(225,22),(123,79),(139,16),(270,55),(112,112),(186,82),(68,16),(61,106),(253,49),(204,22),(193,82),(232,61),(192,91),(50,74),(294,39),(50,112),(159,28),(299,54),(51,76),(268,67),(192,55),(96,46),(263,28),(166,91),(49,100),(52,79),(254,94),(18,60),(69,82),(94,97),(196,64),(49,19),(108,25),(282,28),(128,91),(192,22),(272,40),(10,80),(257,100),(166,100),(293,40),(30,54),(199,49),(116,93),(256,94),(259,70),(208,64),(65,34),(309,64),
42:(110,73),(224,22),(124,79),(138,16),(269,55),(111,112),(187,82),(69,16),(62,106),(252,49),(204,21),(194,82),(233,61),(191,91),(50,75),(294,40),(51,112),(158,28),(299,55),(50,76),(267,67),(193,55),(95,46),(262,28),(165,91),(50,100),(52,79),(254,94),(17,60),(70,82),(94,96),(195,64),(49,18),(109,25),(281,28),(129,91),(193,22),(272,41),(10,81),(258,100),(167,100),(292,40),(31,54),(200,49),(116,94),(255,94),(259,69),(207,64),(66,34),(309,63),
43:(111,73),(223,22),(125,79),(137,16),(268,55),(110,112),(188,82),(70,16),(63,106),(251,49),(204,20),(195,82),(234,61),(190,91),(50,76),(294,41),(52,112),(157,28),(298,55),(50,77),(266,67),(194,55),(94,46),(261,28),(164,91),(51,100),(52,79),(253,94),(16,60),(71,82),(94,95),(194,64),(49,17),(110,25),(280,28),(130,91),(194,22),(272,42),(10,82),(259,100),(168,100),(291,40),(31,55),(201,49),(115,94),(254,94),(259,68),(206,64),(67,34),(309,62),
44:(112,73),(222,22),(126,79),(136,16),(267,55),(109,112),(189,82),(71,16),(64,106),(250,49),(204,19),(196,82),(235,61),(189,91),(51,76),(294,42),(53,112),(156,28),(297,55),(49,77),(265,67),(195,55),(93,46),(260,28),(163,91),(52,100),(52,79),(252,94),(15,60),(72,82),(94,94),(193,64),(49,16),(111,25),(279,28),(131,91),(195,22),(272,43),(10,83),(260,100),(169,100),(291,41),(32,55),(202,49),(114,94),(253,94),(259,67),(205,64),(68,34),(309,61),
45:(113,73),(221,22),(127,79),(135,16),(266,55),(108,112),(190,82),(72,16),(65,106),(249,49),(204,18),(197,82),(236,61),(188,91),(52,76),(294,43),(54,112),(155,28),(296,55),(49,78),(264,67),(196,55),(92,46),(259,28),(162,91),(53,100),(52,79),(251,94),(14,60),(73,82),(94,93),(193,65),(49,15),(112,25),(278,28),(132,91),(196,22),(272,44),(10,84),(261,100),(170,100),(290,41),(33,55),(203,49),(113,94),(252,94),(259,66),(204,64),(69,34),(309,60),
46:(114,73),(220,22),(127,80),(134,16),(265,55),(107,112),(191,82),(73,16),(66,106),(248,49),(204,17),(198,82),(237,61),(187,91),(53,76),(294,44),(55,112),(154,28),(295,55),(48,78),(263,67),(197,55),(91,46),(259,29),(161,91),(54,100),(52,79),(250,94),(13,60),(74,82),(94,92),(193,66),(49,14),(113,25),(277,28),(133,91),(197,22),(272,45),(10,85),(262,100),(171,100),(289,41),(34,55),(204,49),(112,94),(251,94),(259,65),(204,63),(70,34),(309,59),
47:(115,73),(219,22),(127,81),(133,16),(264,55),(106,112),(192,82),(74,16),(67,106),(247,49),(204,16),(199,82),(237,62),(186,91),(54,76),(294,45),(56,112),(153,28),(294,55),(48,79),(262,67),(198,55),(90,46),(259,30),(160,91),(55,100),(52,79),(249,94),(12,60),(75,82),(94,91),(193,67),(49,13),(114,25),(276,28),(134,91),(198,22),(272,46),(10,86),(263,100),(171,101),(289,42),(34,56),(205,49),(111,94),(250,94),(259,64),(204,62),(71,34),(309,58),
48:(116,73),(218,22),(127,82),(132,16),(263,55),(105,112),(193,82),(75,16),(68,106),(246,49),(204,15),(200,82),(237,63),(185,91),(55,76),(294,46),(57,112),(152,28),(293,55),(47,79),(261,67),(199,55),(89,46),(259,31),(160,92),(56,100),(52,79),(248,94),(11,60),(76,82),(94,90),(192,67),(49,12),(115,25),(275,28),(135,91),(199,22),(272,47),(10,87),(264,100),(171,102),(289,43),(35,56),(206,49),(110,94),(249,94),(259,63),(204,61),(72,34),(309,57),
49:(117,73),(217,22),(128,82),(131,16),(262,55),(105,111),(194,82),(76,16),(69,106),(245,49),(204,14),(201,82),(237,64),(184,91),(56,76),(294,47),(58,112),(151,28),(292,55),(47,80),(260,67),(200,55),(88,46),(259,32),(160,93),(57,100),(52,79),(248,95),(10,60),(77,82),(94,89),(191,67),(49,11),(116,25),(274,28),(136,91),(200,22),(272,48),(10,88),(265,100),(171,103),(288,43),(35,57),(207,49),(110,94),(248,94),(259,62),(203,61),(72,35),(309,56),
50:(118,73),(216,22),(129,82),(130,16),(261,55),(105,110),(195,82),(77,16),(70,106),(244,49),(204,13),(202,82),(238,64),(183,91),(57,76),(294,48),(59,112),(150,28),(291,55),(47,81),(259,67),(201,55),(87,46),(259,33),(160,94),(58,100),(52,79),(248,94),(9,60),(78,82),(94,88),(190,67),(49,10),(116,26),(273,28),(137,91),(201,22),(272,49),(10,89),(266,100),(172,103),(288,44),(36,57),(208,49),(110,94),(248,93),(259,61),(202,61),(72,36),(309,55),
51:(119,73),(215,22),(130,82),(129,16),(260,55),(105,109),(196,82),(78,16),(71,106),(243,49),(205,13),(203,82),(239,64),(182,91),(58,76),(294,49),(60,112),(149,28),(290,55),(47,82),(258,67),(202,55),(86,46),(259,34),(159,94),(59,100),(52,79),(249,94),(9,60),(79,82),(94,87),(189,67),(49,9),(116,27),(272,28),(138,91),(202,22),(272,50),(10,90),(267,100),(173,103),(288,45),(36,58),(209,49),(110,94),(248,92),(259,60),(201,61),(72,37),(309,54),
52:(120,73),(215,23),(131,82),(128,16),(259,55),(104,109),(197,82),(79,16),(72,106),(242,49),(206,13),(204,82),(240,64),(182,90),(59,76),(294,50),(61,112),(149,29),(289,55),(47,83),(257,67),(203,55),(85,46),(259,35),(158,94),(60,100),(52,79),(250,94),(9,60),(80,82),(94,86),(188,67),(49,9),(116,28),(271,28),(139,91),(203,22),(272,51),(10,91),(268,100),(174,103),(287,45),(37,58),(210,49),(110,94),(248,91),(259,59),(200,61),(73,37),(309,53),
53:(121,73),(215,24),(132,82),(127,16),(259,54),(103,109),(198,82),(80,16),(73,106),(241,49),(207,13),(205,82),(241,64),(182,89),(60,76),(294,51),(61,113),(149,30),(288,55),(46,83),(256,67),(204,55),(84,46),(259,36),(157,94),(61,100),(52,79),(251,94),(9,60),(81,82),(94,85),(187,67),(49,9),(116,29),(270,28),(140,91),(204,22),(272,52),(10,92),(269,100),(175,103),(286,45),(37,59),(211,49),(110,94),(248,90),(259,58),(199,61),(74,37),(309,52),
54:(122,73),(215,25),(133,82),(126,16),(259,53),(102,109),(199,82),(81,16),(74,106),(240,49),(208,13),(206,82),(242,64),(182,88),(61,76),(294,52),(61,114),(149,31),(287,55),(46,84),(255,67),(204,56),(83,46),(259,37),(156,94),(62,100),(52,79),(252,94),(9,60),(82,82),(94,84),(186,67),(49,9),(116,30),(269,28),(141,91),(205,22),(272,53),(10,93),(270,100),(176,103),(286,46),(37,60),(212,49),(110,94),(248,89),(259,57),(198,61),(75,37),(309,51),
55:(123,73),(215,26),(134,82),(125,16),(259,52),(101,109),(200,82),(82,16),(75,106),(239,49),(209,13),(207,82),(243,64),(181,88),(62,76),(294,53),(61,115),(149,32),(286,55),(46,85),(254,67),(204,57),(83,45),(258,37),(155,94),(63,100),(52,79),(253,94),(9,60),(83,82),(94,83),(185,67),(49,9),(116,31),(268,28),(142,91),(206,22),(272,54),(10,94),(270,101),(177,103),(286,47),(38,60),(213,49),(110,94),(248,88),(259,56),(197,61),(76,37),(309,50),
56:(124,73),(215,27),(135,82),(124,16),(258,52),(100,109),(201,82),(83,16),(76,106),(238,49),(210,13),(208,82),(244,64),(180,88),(63,76),(294,54),(61,116),(149,33),(285,55),(45,85),(253,67),(204,58),(83,44),(257,37),(154,94),(64,100),(52,79),(254,94),(9,60),(84,82),(94,82),(184,67),(49,9),(116,32),(267,28),(143,91),(207,22),(272,54),(10,95),(270,102),(178,103),(286,48),(39,60),(214,49),(110,94),(247,88),(259,55),(196,61),(77,37),(309,49),
57:(125,73),(215,28),(136,82),(123,16),(257,52),(99,109),(202,82),(84,16),(77,106),(237,49),(211,13),(209,82),(245,64),(179,88),(64,76),(294,55),(61,117),(149,34),(284,55),(44,85),(252,67),(205,58),(83,43),(256,37),(153,94),(65,100),(52,79),(254,94),(9,60),(85,82),(94,81),(183,67),(49,9),(116,33),(266,28),(144,91),(208,22),(272,54),(10,96),(271,102),(179,103),(286,49),(40,60),(215,49),(110,94),(246,88),(259,54),(195,61),(78,37),(309,48),
58:(126,73),(215,29),(137,82),(122,16),(256,52),(98,109),(203,82),(85,16),(78,106),(236,49),(212,13),(210,82),(246,64),(178,88),(65,76),(294,56),(61,118),(149,35),(283,55),(43,85),(251,67),(206,58),(83,42),(255,37),(152,94),(66,100),(52,79),(254,94),(9,60),(86,82),(94,80),(182,67),(49,9),(116,34),(265,28),(145,91),(209,22),(272,54),(10,97),(272,102),(180,103),(285,49),(41,60),(215,48),(110,94),(245,88),(259,53),(194,61),(79,37),(309,47),
59:(127,73),(215,30),(138,82),(121,16),(255,52),(97,109),(204,82),(86,16),(79,106),(235,49),(213,13),(211,82),(247,64),(177,88),(66,76),(294,57),(61,119),(149,36),(282,55),(42,85),(250,67),(207,58),(83,41),(254,37),(151,94),(67,100),(52,79),(254,94),(9,60),(87,82),(94,79),(181,67),(49,9),(117,34),(264,28),(146,91),(210,22),(272,54),(10,98),(273,102),(181,103),(284,49),(41,61),(215,47),(110,94),(244,88),(259,52),(193,61),(80,37),(309,46),
60:(128,73),(215,31),(139,82),(120,16),(254,52),(96,109),(205,82),(87,16),(80,106),(234,49),(214,13),(212,82),(248,64),(176,88),(67,76),(294,58),(61,120),(149,37),(281,55),(42,86),(249,67),(208,58),(83,40),(253,37),(150,94),(68,100),(52,79),(254,94),(9,60),(88,82),(94,78),(180,67),(49,9),(118,34),(263,28),(147,91),(211,22),(272,54),(10,99),(274,102),(182,103),(283,49),(41,62),(215,46),(110,94),(243,88),(259,51),(192,61),(81,37),(309,45),
61:(129,73),(214,31),(140,82),(119,16),(253,52),(95,109),(206,82),(88,16),(81,106),(233,49),(215,13),(213,82),(248,65),(175,88),(68,76),(294,59),(61,121),(149,38),(280,55),(42,87),(248,67),(209,58),(82,40),(252,37),(149,94),(69,100),(52,79),(254,94),(9,60),(89,82),(94,77),(179,67),(49,9),(119,34),(262,28),(148,91),(212,22),(272,54),(10,100),(275,102),(183,103),(283,50),(41,63),(216,46),(110,94),(242,88),(259,50),(191,61),(82,37),(309,44),
62:(130,73),(213,31),(141,82),(118,16),(252,52),(94,109),(207,82),(89,16),(82,106),(232,49),(215,12),(214,82),(248,66),(174,88),(69,76),(294,60),(62,121),(149,39),(279,55),(42,88),(247,67),(210,58),(81,40),(251,37),(148,94),(70,100),(52,79),(254,94),(9,60),(90,82),(94,76),(178,67),(49,9),(120,34),(261,28),(149,91),(213,22),(272,54),(10,101),(276,102),(184,103),(282,50),(42,63),(217,46),(110,94),(241,88),(259,49),(190,61),(83,37),(309,44),
63:(131,73),(212,31),(142,82),(117,16),(251,52),(94,108),(208,82),(90,16),(83,106),(231,49),(215,11),(215,82),(248,67),(173,88),(70,76),(294,61),(63,121),(149,40),(278,55),(42,89),(246,67),(211,58),(80,40),(250,37),(147,94),(71,100),(52,79),(254,94),(9,60),(91,82),(94,75),(177,67),(49,9),(121,34),(260,28),(149,92),(214,22),(272,54),(10,102),(277,102),(185,103),(282,51),(42,64),(218,46),(110,94),(240,88),(259,48),(189,61),(84,37),(309,44),
64:(132,73),(211,31),(143,82),(116,16),(250,52),(94,107),(209,82),(91,16),(84,106),(230,49),(215,10),(216,82),(248,68),(172,88),(71,76),(294,61),(64,121),(149,41),(277,55),(41,89),(245,67),(212,58),(79,40),(249,37),(146,94),(72,100),(52,79),(254,94),(9,60),(92,82),(94,74),(176,67),(49,9),(122,34),(259,28),(149,93),(215,22),(272,54),(10,103),(278,102),(186,103),(281,51),(43,64),(219,46),(110,94),(239,88),(259,47),(188,61),(85,37),(309,44),
65:(133,73),(210,31),(144,82),(115,16),(249,52),(94,106),(210,82),(92,16),(85,106),(229,49),(216,10),(217,82),(248,69),(171,88),(72,76),(294,61),(65,121),(149,42),(276,55),(40,89),(244,67),(213,58),(78,40),(248,37),(145,94),(73,100),(52,79),(254,94),(9,60),(93,82),(94,73),(175,67),(49,9),(123,34),(258,28),(149,94),(215,21),(272,54),(10,104),(279,102),(187,103),(280,51),(44,64),(220,46),(110,94),(238,88),(259,46),(187,61),(86,37),(309,44),
66:(134,73),(209,31),(145,82),(114,16),(248,52),(94,105),(211,82),(93,16),(86,106),(228,49),(217,10),(218,82),(248,70),(170,88),(72,77),(294,61),(66,121),(149,43),(275,55),(39,89),(243,67),(214,58),(77,40),(248,38),(144,94),(74,100),(52,79),(254,94),(9,60),(94,82),(94,72),(174,67),(49,9),(124,34),(257,28),(150,94),(215,20),(272,54),(10,105),(280,102),(188,103),(280,52),(44,65),(221,46),(110,94),(237,88),(259,45),(186,61),(87,37),(309,44),
67:(135,73),(208,31),(146,82),(113,16),(247,52),(94,104),(212,82),(94,16),(87,106),(227,49),(218,10),(219,82),(249,70),(169,88),(72,78),(294,61),(67,121),(149,44),(274,55),(39,90),(242,67),(215,58),(76,40),(248,39),(143,94),(75,100),(52,79),(254,94),(9,60),(95,82),(94,71),(173,67),(49,9),(125,34),(256,28),(151,94),(215,19),(272,54),(10,106),(281,102),(189,103),(280,53),(45,65),(222,46),(110,94),(236,88),(259,44),(185,61),(88,37),(309,44),
68:(136,73),(207,31),(147,82),(112,16),(246,52),(94,103),(213,82),(95,16),(88,106),(226,49),(219,10),(220,82),(250,70),(168,88),(72,79),(294,61),(68,121),(149,45),(273,55),(38,90),(241,67),(216,58),(75,40),(248,40),(142,94),(76,100),(52,79),(254,94),(9,60),(96,82),(94,70),(172,67),(49,9),(126,34),(255,28),(152,94),(216,19),(272,54),(10,107),(281,102),(190,103),(279,53),(46,65),(223,46),(110,94),(235,88),(259,43),(184,61),(89,37),(309,44),
69:(137,73),(206,31),(148,82),(111,16),(245,52),(94,102),(214,82),(96,16),(89,106),(225,49),(220,10),(221,82),(251,70),(167,88),(73,79),(294,61),(69,121),(149,46),(272,55),(37,90),(240,67),(217,58),(74,40),(247,40),(141,94),(77,100),(52,79),(254,94),(9,60),(97,82),(94,70),(171,67),(49,9),(127,34),(254,28),(153,94),(217,19),(272,54),(10,108),(281,102),(191,103),(279,54),(47,65),(224,46),(110,94),(234,88),(259,42),(183,61),(90,37),(309,44),
70:(138,73),(205,31),(149,82),(110,16),(244,52),(94,101),(215,82),(97,16),(90,106),(224,49),(221,10),(222,82),(252,70),(166,88),(74,79),(294,61),(70,121),(149,47),(271,55),(37,91),(239,67),(218,58),(73,40),(246,40),(140,94),(78,100),(52,79),(254,94),(9,60),(98,82),(94,70),(171,68),(49,9),(128,34),(253,28),(154,94),(218,19),(272,54),(10,109),(281,102),(192,103),(278,54),(47,66),(225,46),(110,94),(233,88),(259,41),(182,61),(91,37),(309,44),
71:(139,73),(204,31),(150,82),(109,16),(243,52),(94,100),(216,82),(98,16),(91,106),(223,49),(222,10),(223,82),(253,70),(165,88),(75,79),(294,61),(71,121),(149,48),(270,55),(37,92),(238,67),(219,58),(72,40),(245,40),(139,94),(79,100),(52,79),(254,94),(9,60),(99,82),(94,70),(171,69),(49,9),(129,34),(252,28),(155,94),(219,19),(272,54),(10,110),(281,102),(193,103),(277,54),(48,66),(226,46),(110,94),(232,88),(259,40),(181,61),(92,37),(309,44),
72:(140,73),(204,32),(151,82),(108,16),(242,52),(93,100),(217,82),(99,16),(92,106),(222,49),(223,10),(224,82),(254,70),(164,88),(76,79),(294,61),(72,121),(149,49),(269,55),(36,92),(237,67),(220,58),(71,40),(244,40),(138,94),(80,100),(52,79),(254,94),(9,60),(100,82),(94,70),(171,70),(49,9),(130,34),(251,28),(156,94),(220,19),(272,54),(10,111),(281,102),(193,104),(276,54),(49,66),(227,46),(110,94),(231,88),(259,39),(180,61),(93,37),(309,44),
73:(141,73),(204,33),(152,82),(107,16),(241,52),(92,100),(218,82),(100,16),(93,106),(221,49),(224,10),(225,82),(255,70),(163,88),(77,79),(294,61),(73,121),(149,50),(268,55),(36,93),(236,67),(221,58),(70,40),(243,40),(138,95),(81,100),(52,79),(254,94),(9,60),(101,82),(94,70),(171,71),(49,9),(131,34),(251,28),(157,94),(221,19),(272,54),(10,112),(281,102),(193,105),(275,54),(49,67),(228,46),(110,94),(230,88),(259,38),(179,61),(94,37),(309,44),
74:(142,73),(204,34),(153,82),(106,16),(240,52),(91,100),(219,82),(101,16),(94,106),(220,49),(225,10),(226,82),(256,70),(162,88),(78,79),(294,61),(74,121),(149,51),(267,55),(36,94),(235,67),(222,58),(69,40),(242,40),(138,96),(82,100),(52,79),(254,94),(9,60),(102,82),(94,70),(171,72),(49,9),(132,34),(251,28),(158,94),(222,19),(272,54),(10,112),(281,102),(193,106),(275,55),(50,67),(229,46),(110,94),(229,88),(259,37),(178,61),(95,37),(309,44),
75:(143,73),(203,34),(154,82),(105,16),(239,52),(90,100),(220,82),(102,16),(95,106),(219,49),(226,10),(227,82),(257,70),(161,88),(79,79),(294,61),(75,121),(149,52),(266,55),(35,94),(234,67),(223,58),(68,40),(241,40),(138,97),(83,100),(52,79),(254,94),(9,60),(103,82),(94,70),(171,73),(49,9),(133,34),(251,28),(159,94),(223,19),(272,54),(10,112),(281,102),(194,106),(274,55),(51,67),(230,46),(110,94),(228,88),(259,36),(177,61),(96,37),(309,44),
76:(144,73),(202,34),(155,82),(105,17),(238,52),(89,100),(221,82),(103,16),(96,106),(218,49),(227,10),(228,82),(258,70),(160,88),(80,79),(294,61),(76,121),(149,53),(265,55),(34,94),(233,67),(224,58),(67,40),(240,40),(137,97),(84,100),(52,79),(254,94),(9,60),(104,82),(94,70),(170,73),(49,9),(134,34),(251,28),(160,94),(224,19),(272,54),(10,112),(281,102),(195,106),(273,55),(52,67),(231,46),(110,94),(227,88),(259,35),(176,61),(97,37),(309,44),
77:(145,73),(201,34),(156,82),(105,18),(237,52),(88,100),(222,82),(104,16),(97,106),(217,49),(228,10),(229,82),(259,70),(160,87),(81,79),(294,61),(77,121),(149,54),(264,55),(33,94),(232,67),(225,58),(66,40),(239,40),(136,97),(85,100),(52,79),(254,94),(9,60),(105,82),(94,70),(169,73),(49,9),(135,34),(251,28),(160,95),(225,19),(272,54),(10,112),(281,102),(196,106),(273,56),(53,67),(232,46),(110,94),(226,88),(259,34),(175,61),(98,37),(309,44),
78:(146,73),(200,34),(157,82),(105,19),(237,51),(87,100),(223,82),(105,16),(98,106),(216,49),(229,10),(230,82),(259,71),(160,86),(82,79),(294,61),(78,121),(149,55),(263,55),(33,95),(231,67),(226,58),(65,40),(238,40),(135,97),(86,100),(52,79),(254,94),(9,60),(106,82),(94,70),(168,73),(49,9),(136,34),(251,28),(160,96),(226,19),(272,54),(10,112),(281,102),(197,106),(273,57),(54,67),(233,46),(110,94),(225,88),(259,33),(174,61),(99,37),(309,44),
79:(147,73),(199,34),(158,82),(105,20),(237,50),(86,100),(224,82),(106,16),(99,106),(215,49),(230,10),(231,82),(259,72),(160,85),(83,79),(294,61),(79,121),(149,56),(262,55),(32,95),(230,67),(226,59),(64,40),(237,40),(134,97),(85,100),(52,79),(254,94),(9,60),(107,82),(94,70),(167,73),(49,9),(137,34),(251,28),(160,97),(226,18),(272,54),(10,112),(281,102),(198,106),(272,57),(55,67),(234,46),(110,94),(224,88),(259,32),(173,61),(100,37),(309,44),
80:(148,73),(198,34),(159,82),(105,21),(237,49),(85,100),(225,82),(107,16),(100,106),(214,49),(231,10),(232,82),(259,73),(160,84),(84,79),(294,61),(80,121),(149,57),(261,55),(31,95),(229,67),(226,60),(63,40),(236,40),(133,97),(84,100),(52,79),(254,94),(9,60),(108,82),(94,70),(166,73),(49,9),(138,34),(251,28),(160,98),(226,17),(272,54),(10,112),(281,102),(199,106),(271,57),(56,67),(235,46),(110,94),(223,88),(259,31),(172,61),(101,37),(309,44),
81:(149,73),(197,34),(160,82),(105,22),(237,48),(84,100),(226,82),(108,16),(101,106),(213,49),(232,10),(233,82),(260,73),(160,83),(85,79),(294,61),(81,121),(149,58),(260,55),(30,95),(228,67),(226,61),(62,40),(235,40),(132,97),(83,100),(52,79),(254,94),(9,60),(109,82),(94,70),(165,73),(49,9),(138,35),(251,28),(160,99),(226,16),(272,54),(10,112),(281,102),(200,106),(271,58),(57,67),(236,46),(110,94),(222,88),(259,30),(171,61),(102,37),(309,44),
82:(149,74),(196,34),(161,82),(105,23),(237,47),(83,100),(227,82),(109,16),(102,106),(212,49),(233,10),(234,82),(261,73),(160,82),(86,79),(294,61),(82,121),(149,59),(259,55),(30,96),(227,67),(227,61),(61,40),(234,40),(131,97),(83,101),(52,79),(254,94),(9,60),(110,82),(94,70),(164,73),(49,9),(138,36),(251,28),(160,100),(226,15),(272,54),(10,112),(281,102),(201,106),(271,59),(58,67),(237,46),(110,94),(221,88),(259,29),(171,60),(103,37),(309,44),
83:(149,75),(195,34),(162,82),(105,24),(237,46),(83,99),(228,82),(110,16),(103,106),(211,49),(234,10),(235,82),(262,73),(159,82),(87,79),(294,61),(83,121),(149,60),(258,55),(30,97),(226,67),(228,61),(61,39),(233,40),(130,97),(83,100),(52,79),(254,94),(9,60),(111,82),(94,70),(163,73),(49,9),(138,37),(251,28),(160,101),(226,14),(272,54),(10,112),(281,102),(202,106),(271,60),(59,67),(238,46),(110,94),(220,88),(259,28),(171,59),(104,37),(309,44),
84:(149,76),(194,34),(163,82),(105,25),(236,46),(83,98),(229,82),(111,16),(104,106),(210,49),(235,10),(236,82),(263,73),(158,82),(88,79),(294,61),(84,121),(149,61),(257,55),(30,98),(225,67),(229,61),(61,38),(232,40),(129,97),(84,100),(52,79),(254,94),(9,60),(112,82),(94,70),(162,73),(49,9),(139,37),(251,28),(160,102),(226,13),(272,54),(10,112),(281,102),(203,106),(271,61),(60,67),(239,46),(110,94),(219,88),(259,27),(171,58),(105,37),(309,44),
85:(150,76),(193,34),(164,82),(105,26),(235,46),(83,97),(230,82),(112,16),(105,106),(209,49),(236,10),(237,82),(264,73),(157,82),(89,79),(294,61),(85,121),(148,61),(256,55),(30,99),(224,67),(230,61),(61,37),(231,40),(128,97),(85,100),(52,79),(254,94),(9,60),(113,82),(94,70),(161,73),(49,9),(140,37),(251,28),(160,103),(226,12),(272,54),(10,112),(281,102),(203,106),(271,62),(61,67),(240,46),(110,94),(218,88),(259,26),(170,58),(106,37),(309,44),
86:(151,76),(192,34),(165,82),(105,27),(234,46),(82,97),(231,82),(113,16),(106,106),(208,49),(237,10),(238,82),(265,73),(156,82),(90,79),(294,61),(86,121),(147,61),(255,55),(30,100),(223,67),(231,61),(61,36),(230,40),(127,97),(86,100),(52,79),(254,94),(9,60),(114,82),(94,70),(160,73),(49,9),(141,37),(251,28),(161,103),(226,11),(272,54),(10,112),(281,102),(203,106),(271,63),(61,68),(241,46),(110,94),(217,88),(259,25),(169,58),(107,37),(309,44),
87:(152,76),(191,34),(166,82),(105,28),(233,46),(81,97),(232,82),(114,16),(107,106),(207,49),(237,9),(239,82),(266,73),(155,82),(91,79),(294,61),(87,121),(146,61),(254,55),(30,101),(222,67),(232,61),(61,35),(229,40),(126,97),(87,100),(52,79),(254,94),(9,60),(115,82),(94,70),(160,74),(49,9),(142,37),(251,28),(162,103),(226,10),(272,54),(10,112),(281,102),(203,106),(271,64),(61,69),(242,46),(110,94),(216,88),(259,24),(168,58),(108,37),(309,44),
88:(153,76),(190,34),(167,82),(105,29),(232,46),(80,97),(233,82),(115,16),(108,106),(206,49),(237,8),(240,82),(267,73),(154,82),(92,79),(294,61),(88,121),(145,61),(253,55),(30,102),(221,67),(233,61),(61,34),(228,40),(125,97),(88,100),(52,79),(254,94),(9,60),(116,82),(94,70),(160,75),(49,9),(143,37),(251,28),(163,103),(227,10),(272,54),(10,112),(281,102),(203,106),(270,64),(61,70),(243,46),(110,94),(215,88),(259,23),(167,58),(109,37),(309,44),
89:(154,76),(189,34),(168,82),(105,30),(231,46),(79,97),(234,82),(116,16),(109,106),(205,49),(237,7),(241,82),(268,73),(153,82),(93,79),(294,61),(89,121),(145,61),(252,55),(30,103),(220,67),(234,61),(61,33),(227,40),(124,97),(89,100),(52,79),(254,94),(9,60),(117,82),(94,70),(160,76),(49,9),(144,37),(251,28),(164,103),(228,10),(272,54),(10,112),(281,102),(203,106),(270,65),(61,71),(244,46),(110,94),(214,88),(259,22),(166,58),(110,37),(309,44),
90:(155,76),(188,34),(169,82),(105,31),(230,46),(78,97),(235,82),(116,17),(110,106),(204,49),(237,6),(242,82),(269,73),(152,82),(94,79),(294,61),(90,121),(145,61),(251,55),(30,103),(219,67),(235,61),(61,32),(226,40),(123,97),(90,100),(52,79),(254,94),(9,60),(118,82),(94,70),(160,77),(49,9),(145,37),(251,28),(165,103),(229,10),(272,54),(10,112),(281,102),(203,106),(270,66),(61,72),(245,46),(110,94),(213,88),(259,21),(165,58),(111,37),(309,44),
91:(156,76),(187,34),(170,82),(104,31),(229,46),(77,97),(236,82),(116,18),(111,106),(203,49),(237,5),(243,82),(270,73),(151,82),(95,79),(294,61),(91,121),(145,61),(250,55),(30,103),(218,67),(236,61),(61,31),(225,40),(122,97),(91,100),(52,79),(254,94),(9,60),(119,82),(94,70),(160,78),(49,9),(146,37),(251,28),(166,103),(230,10),(272,54),(10,112),(281,102),(203,106),(270,67),(61,73),(246,46),(110,94),(212,88),(259,20),(164,58),(112,37),(309,44),
92:(157,76),(186,34),(171,82),(103,31),(228,46),(76,97),(237,82),(116,19),(112,106),(202,49),(237,4),(244,82),(271,73),(150,82),(96,79),(294,61),(92,121),(145,61),(249,55),(30,103),(217,67),(237,61),(61,30),(224,40),(121,97),(92,100),(52,79),(254,94),(9,60),(120,82),(94,70),(160,79),(49,9),(147,37),(251,28),(167,103),(231,10),(272,54),(10,112),(281,102),(203,106),(270,68),(61,74),(247,46),(110,94),(211,88),(259,19),(163,58),(113,37),(309,44),
93:(158,76),(185,34),(171,83),(102,31),(227,46),(75,97),(237,81),(116,20),(113,106),(201,49),(238,4),(245,82),(272,73),(149,82),(97,79),(294,61),(93,121),(145,61),(248,55),(30,103),(216,67),(237,62),(61,29),(223,40),(120,97),(93,100),(52,79),(254,94),(9,60),(121,82),(94,70),(160,80),(49,9),(148,37),(251,28),(168,103),(232,10),(272,54),(10,112),(281,102),(203,106),(270,69),(61,75),(248,46),(110,94),(210,88),(259,18),(162,58),(114,37),(309,44),
94:(159,76),(184,34),(171,84),(101,31),(226,46),(74,97),(237,80),(116,21),(114,106),(200,49),(239,4),(246,82),(273,73),(149,81),(98,79),(294,61),(94,121),(145,61),(248,55),(30,103),(215,67),(237,63),(61,28),(222,40),(119,97),(94,100),(52,79),(254,94),(9,60),(122,82),(94,70),(160,81),(49,9),(149,37),(251,28),(169,103),(233,10),(272,54),(10,112),(281,102),(203,106),(270,70),(61,76),(249,46),(110,94),(209,88),(259,17),(161,58),(115,37),(309,44),
95:(160,76),(183,34),(171,85),(100,31),(225,46),(73,97),(237,79),(116,22),(115,106),(199,49),(240,4),(247,82),(274,73),(149,80),(99,79),(294,61),(95,121),(145,61),(248,55),(30,103),(214,67),(237,64),(61,27),(221,40),(118,97),(95,100),(52,79),(254,94),(9,60),(123,82),(94,70),(160,82),(49,9),(150,37),(251,28),(170,103),(234,10),(272,54),(10,112),(281,102),(203,106),(269,70),(62,76),(250,46),(110,94),(208,88),(259,16),(160,58),(116,37),(309,44),
96:(161,76),(182,34),(171,86),(99,31),(224,46),(72,97),(237,78),(117,22),(116,106),(198,49),(241,4),(248,82),(274,74),(149,79),(100,79),(294,61),(96,121),(145,61),(248,55),(30,103),(213,67),(237,65),(61,26),(220,40),(117,97),(96,100),(52,79),(254,94),(9,60),(124,82),(94,70),(159,82),(49,9),(151,37),(251,28),(171,103),(235,10),(272,54),(10,112),(281,102),(203,106),(268,70),(63,76),(251,46),(110,94),(207,88),(260,16),(160,57),(117,37),(309,44),
97:(162,76),(181,34),(171,87),(98,31),(223,46),(71,97),(237,77),(118,22),(117,106),(197,49),(242,4),(249,82),(274,75),(148,79),(101,79),(294,61),(97,121),(145,61),(248,55),(30,103),(212,67),(237,66),(61,25),(219,40),(116,97),(97,100),(52,79),(254,94),(9,60),(125,82),(94,70),(158,82),(49,9),(152,37),(251,28),(171,104),(236,10),(272,54),(10,112),(281,102),(203,106),(267,70),(64,76),(252,46),(110,94),(206,88),(261,16),(160,56),(118,37),(309,44),
98:(163,76),(180,34),(171,88),(97,31),(222,46),(70,97),(237,76),(119,22),(118,106),(196,49),(243,4),(250,82),(275,75),(147,79),(102,79),(294,61),(98,121),(145,61),(248,55),(30,103),(211,67),(237,67),(60,25),(218,40),(116,98),(98,100),(52,79),(254,94),(9,60),(126,82),(94,70),(157,82),(49,9),(153,37),(251,28),(171,105),(237,10),(272,54),(10,112),(281,102),(203,106),(266,70),(65,76),(253,46),(110,94),(205,88),(262,16),(160,55),(119,37),(309,44),
99:(164,76),(179,34),(171,89),(96,31),(221,46),(69,97),(237,75),(120,22),(119,106),(195,49),(244,4),(251,82),(276,75),(146,79),(103,79),(294,61),(99,121),(145,61),(248,55),(30,103),(210,67),(238,67),(59,25),(217,40),(116,99),(99,100),(52,79),(254,94),(9,60),(127,82),(94,70),(156,82),(49,9),(154,37),(251,28),(171,106),(238,10),(272,54),(10,112),(281,102),(203,106),(265,70),(66,76),(254,46),(110,94),(204,88),(263,16),(160,54),(120,37),(309,44),
100:(165,76),(178,34),(171,90),(95,31),(220,46),(68,97),(237,74),(121,22),(120,106),(194,49),(245,4),(252,82),(277,75),(145,79),(104,79),(294,61),(100,121),(145,61),(248,55),(30,103),(209,67),(239,67),(58,25),(216,40),(116,100),(100,100),(52,79),(254,94),(9,60),(128,82),(94,70),(155,82),(49,9),(155,37),(251,28),(172,106),(239,10),(272,54),(10,112),(281,102),(203,106),(264,70),(67,76),(255,46),(110,94),(203,88),(264,16),(160,53),(121,37),(309,44),
101:(166,76),(177,34),(171,91),(94,31),(219,46),(67,97),(237,73),(122,22),(121,106),(193,49),(246,4),(253,82),(278,75),(144,79),(105,79),(294,61),(101,121),(145,61),(248,55),(30,103),(208,67),(240,67),(57,25),(215,40),(115,100),(101,100),(52,79),(254,94),(9,60),(129,82),(94,70),(154,82),(49,9),(156,37),(251,28),(173,106),(240,10),(272,54),(10,112),(281,102),(203,106),(263,70),(68,76),(256,46),(110,94),(202,88),(265,16),(160,52),(122,37),(309,44),
102:(167,76),(176,34),(171,92),(93,31),(218,46),(66,97),(237,72),(123,22),(122,106),(192,49),(247,4),(254,82),(279,75),(143,79),(106,79),(294,61),(102,121),(145,61),(248,55),(30,103),(207,67),(241,67),(56,25),(214,40),(114,100),(102,100),(52,79),(254,94),(9,60),(130,82),(94,70),(153,82),(49,9),(157,37),(251,28),(174,106),(241,10),(272,54),(10,112),(281,102),(203,106),(262,70),(69,76),(257,46),(110,94),(201,88),(266,16),(160,51),(123,37),(309,44),
103:(168,76),(175,34),(171,93),(92,31),(217,46),(65,97),(237,71),(124,22),(123,106),(191,49),(248,4),(255,82),(280,75),(142,79),(107,79),(294,61),(103,121),(145,61),(248,55),(30,103),(206,67),(242,67),(55,25),(213,40),(113,100),(103,100),(52,79),(254,94),(9,60),(131,82),(94,70),(152,82),(49,9),(158,37),(251,28),(175,106),(242,10),(272,54),(10,112),(281,102),(203,106),(261,70),(70,76),(258,46),(110,94),(200,88),(266,16),(160,50),(124,37),(309,44),
104:(169,76),(174,34),(171,94),(91,31),(216,46),(64,97),(237,70),(125,22),(124,106),(190,49),(249,4),(256,82),(281,75),(141,79),(108,79),(294,61),(104,121),(145,61),(248,55),(30,103),(205,67),(243,67),(54,25),(212,40),(112,100),(104,100),(52,79),(254,94),(9,60),(132,82),(94,70),(151,82),(49,9),(159,37),(251,28),(176,106),(243,10),(272,54),(10,112),(281,102),(203,106),(260,70),(71,76),(259,46),(110,94),(199,88),(266,16),(160,49),(125,37),(309,44),
105:(170,76),(173,34),(172,94),(90,31),(215,46),(63,97),(238,70),(126,22),(125,106),(189,49),(250,4),(257,82),(282,75),(140,79),(109,79),(294,61),(105,121),(145,61),(248,55),(30,103),(204,67),(244,67),(53,25),(211,40),(111,100),(105,100),(52,79),(254,94),(9,60),(133,82),(94,70),(150,82),(49,9),(160,37),(251,28),(177,106),(244,10),(272,54),(10,112),(281,102),(203,106),(259,70),(72,76),(260,46),(110,94),(198,88),(266,16),(160,48),(126,37),(309,44),
106:(171,76),(172,34),(173,94),(89,31),(215,45),(62,97),(239,70),(127,22),(126,106),(188,49),(251,4),(258,82),(283,75),(139,79),(110,79),(294,61),(106,121),(145,61),(248,55),(30,103),(203,67),(245,67),(52,25),(210,40),(110,100),(106,100),(52,79),(254,94),(9,60),(134,82),(94,70),(149,82),(49,9),(160,38),(251,28),(178,106),(245,10),(272,54),(10,112),(281,102),(203,106),(258,70),(73,76),(261,46),(110,94),(197,88),(266,16),(160,47),(127,37),(309,44),
107:(172,76),(171,34),(174,94),(88,31),(215,44),(61,97),(240,70),(127,23),(127,106),(187,49),(252,4),(259,82),(284,75),(138,79),(111,79),(294,61),(107,121),(145,61),(248,55),(30,103),(202,67),(246,67),(51,25),(209,40),(109,100),(107,100),(52,79),(254,94),(9,60),(135,82),(94,70),(148,82),(49,9),(160,39),(251,28),(179,106),(246,10),(272,54),(10,112),(281,102),(203,106),(257,70),(74,76),(262,46),(110,94),(196,88),(266,16),(160,46),(127,38),(309,44),
108:(173,76),(170,34),(175,94),(87,31),(215,43),(60,97),(241,70),(127,24),(128,106),(186,49),(253,4),(260,82),(285,75),(138,78),(112,79),(294,61),(108,121),(145,61),(248,55),(30,103),(201,67),(247,67),(50,25),(208,40),(109,100),(108,100),(52,79),(254,94),(9,60),(136,82),(94,70),(147,82),(49,9),(160,40),(251,28),(180,106),(247,10),(272,54),(10,112),(281,102),(203,106),(256,70),(75,76),(263,46),(110,94),(195,88),(266,16),(159,46),(127,39),(309,44),
109:(174,76),(169,34),(176,94),(86,31),(215,42),(59,97),(242,70),(127,25),(129,106),(185,49),(254,4),(261,82),(286,75),(138,77),(113,79),(294,61),(109,121),(145,61),(248,55),(30,103),(200,67),(248,67),(50,24),(207,40),(110,100),(109,100),(52,79),(254,94),(9,60),(137,82),(94,70),(146,82),(49,9),(161,40),(251,28),(181,106),(248,10),(272,54),(10,112),(281,102),(203,106),(255,70),(76,76),(264,46),(110,94),(194,88),(266,16),(158,46),(127,40),(309,44),
110:(175,76),(168,34),(177,94),(85,31),(215,41),(58,97),(243,70),(128,25),(130,106),(184,49),(255,4),(262,82),(287,75),(138,76),(114,79),(294,61),(110,121),(145,61),(248,55),(30,103),(199,67),(249,67),(49,24),(206,40),(111,100),(110,100),(52,79),(254,94),(9,60),(138,82),(94,70),(145,82),(49,9),(162,40),(251,28),(182,106),(249,10),(272,54),(10,112),(281,102),(203,106),(254,70),(77,76),(265,46),(110,94),(193,88),(266,16),(157,46),(128,40),(309,44),
111:(176,76),(167,34),(178,94),(84,31),(215,40),(57,97),(244,70),(129,25),(131,106),(183,49),(256,4),(262,82),(288,75),(137,76),(115,79),(294,61),(111,121),(145,61),(248,55),(30,103),(198,67),(250,67),(48,24),(205,40),(112,100),(111,100),(52,79),(254,94),(9,60),(139,82),(94,70),(144,82),(49,9),(163,40),(251,28),(182,107),(250,10),(272,54),(10,112),(281,102),(203,106),(253,70),(78,76),(266,46),(110,94),(192,88),(266,16),(156,46),(129,40),(309,44),
112:(177,76),(166,34),(179,94),(83,31),(215,39),(56,97),(245,70),(130,25),(132,106),(182,49),(257,4),(262,82),(289,75),(136,76),(116,79),(294,61),(112,121),(145,61),(248,55),(30,103),(197,67),(251,67),(48,23),(204,40),(113,100),(112,100),(52,79),(254,94),(9,60),(140,82),(94,70),(143,82),(49,9),(164,40),(251,28),(182,108),(251,10),(272,54),(10,112),(281,102),(203,106),(252,70),(79,76),(267,46),(110,94),(191,88),(266,16),(155,46),(130,40),(309,44),
113:(178,76),(165,34),(180,94),(82,31),(215,38),(55,97),(246,70),(131,25),(133,106),(181,49),(258,4),(262,82),(290,75),(135,76),(117,79),(294,61),(113,121),(145,61),(248,55),(30,103),(196,67),(252,67),(48,22),(203,40),(114,100),(113,100),(52,79),(254,94),(9,60),(141,82),(94,70),(142,82),(49,9),(165,40),(251,28),(182,109),(252,10),(272,54),(10,112),(281,102),(203,106),(251,70),(80,76),(268,46),(110,94),(190,88),(266,16),(154,46),(131,40),(309,44),
114:(179,76),(164,34),(181,94),(81,31),(215,37),(54,97),(247,70),(132,25),(134,106),(180,49),(259,4),(262,82),(291,75),(134,76),(118,79),(294,61),(114,121),(145,61),(248,55),(30,103),(195,67),(253,67),(47,22),(202,40),(115,100),(114,100),(52,79),(254,94),(9,60),(142,82),(94,70),(143,82),(49,9),(166,40),(251,28),(183,109),(253,10),(272,54),(10,112),(281,102),(203,106),(250,70),(81,76),(269,46),(110,94),(189,88),(266,16),(153,46),(132,40),(309,44),
115:(180,76),(163,34),(182,94),(80,31),(215,36),(53,97),(248,70),(133,25),(135,106),(179,49),(260,4),(262,82),(292,75),(133,76),(119,79),(294,61),(115,121),(145,61),(248,55),(30,103),(194,67),(254,67),(47,21),(201,40),(116,100),(115,100),(52,79),(254,94),(9,60),(143,82),(94,70),(144,82),(49,9),(167,40),(251,28),(184,109),(254,10),(272,54),(10,112),(281,102),(203,106),(249,70),(82,76),(270,46),(110,94),(188,88),(266,16),(152,46),(133,40),(309,44),
116:(181,76),(162,34),(182,95),(79,31),(215,35),(52,97),(248,69),(134,25),(136,106),(178,49),(261,4),(262,82),(293,75),(132,76),(120,79),(294,61),(116,121),(145,61),(248,55),(30,103),(193,67),(255,67),(47,20),(200,40),(116,101),(116,100),(52,79),(254,94),(9,60),(144,82),(94,70),(145,82),(49,9),(168,40),(251,28),(185,109),(255,10),(272,54),(10,112),(281,102),(203,106),(248,70),(83,76),(271,46),(110,94),(187,88),(266,16),(151,46),(134,40),(309,44),
117:(182,76),(161,34),(182,96),(78,31),(215,34),(51,97),(248,68),(135,25),(137,106),(177,49),(262,4),(262,82),(294,75),(131,76),(121,79),(294,61),(117,121),(145,61),(248,55),(30,103),(192,67),(256,67),(46,20),(199,40),(116,102),(117,100),(52,79),(254,94),(9,60),(145,82),(94,70),(146,82),(49,9),(169,40),(251,28),(186,109),(256,10),(272,54),(10,112),(281,102),(203,106),(247,70),(83,77),(272,46),(110,94),(186,88),(266,16),(150,46),(135,40),(309,44),
118:(183,76),(160,34),(182,97),(77,31),(215,33),(50,97),(248,67),(136,25),(138,106),(176,49),(263,4),(262,82),(295,75),(130,76),(122,79),(294,61),(118,121),(145,61),(248,55),(30,103),(191,67),(257,67),(46,19),(198,40),(116,103),(118,100),(52,79),(254,94),(9,60),(146,82),(94,70),(147,82),(49,9),(170,40),(251,28),(187,109),(257,10),(272,54),(10,112),(281,102),(203,106),(246,70),(83,78),(272,45),(110,94),(185,88),(266,16),(149,46),(136,40),(309,44),
119:(184,76),(159,34),(183,97),(76,31),(215,32),(49,97),(249,67),(137,25),(139,106),(175,49),(264,4),(262,82),(296,75),(129,76),(123,79),(294,61),(119,121),(145,61),(248,55),(30,103),(190,67),(258,67),(45,19),(197,40),(115,103),(119,100),(52,79),(254,94),(9,60),(147,82),(94,70),(148,82),(49,9),(171,40),(251,28),(188,109),(258,10),(272,54),(10,112),(281,102),(203,106),(245,70),(83,79),(273,45),(110,94),(184,88),(266,16),(149,45),(137,40),(309,44),
120:(185,76),(158,34),(184,97),(75,31),(215,31),(48,97),(250,67),(138,25),(140,106),(175,49),(265,4),(262,82),(297,75),(128,76),(124,79),(294,61),(120,121),(145,61),(248,55),(30,103),(189,67),(259,67),(45,18),(196,40),(114,103),(120,100),(52,79),(254,94),(9,60),(148,82),(94,70),(149,82),(49,9),(171,41),(251,28),(189,109),(259,10),(272,54),(10,112),(281,102),(203,106),(244,70),(84,79),(273,44),(110,94),(183,88),(266,16),(149,44),(138,40),(309,44),
121:(186,76),(157,34),(185,97),(74,31),(215,30),(48,96),(251,67),(138,26),(141,106),(175,49),(266,4),(262,82),(298,75),(127,76),(125,79),(294,61),(121,121),(145,61),(248,55),(30,103),(188,67),(259,68),(44,18),(195,40),(113,103),(121,100),(52,79),(254,94),(9,60),(149,82),(94,70),(149,83),(49,9),(171,42),(251,28),(190,109),(260,10),(272,54),(10,112),(281,102),(203,106),(243,70),(85,79),(274,44),(110,94),(182,88),(266,16),(149,43),(139,40),(309,44),
122:(187,76),(156,34),(186,97),(73,31),(215,29),(48,95),(252,67),(138,27),(142,106),(175,49),(267,4),(262,82),(299,75),(127,75),(126,79),(294,61),(122,121),(145,61),(248,55),(30,103),(187,67),(259,69),(43,18),(194,40),(112,103),(122,100),(52,79),(254,94),(9,60),(150,82),(94,70),(149,84),(49,9),(171,43),(251,28),(191,109),(261,10),(272,54),(10,112),(281,102),(203,106),(242,70),(86,79),(275,44),(110,94),(182,87),(266,16),(149,42),(140,40),(309,44),
123:(188,76),(155,34),(187,97),(72,31),(215,28),(47,95),(253,67),(138,28),(143,106),(175,49),(268,4),(262,82),(300,75),(127,74),(127,79),(294,61),(123,121),(145,61),(248,55),(30,103),(186,67),(259,70),(42,18),(193,40),(111,103),(123,100),(52,79),(254,94),(9,60),(151,82),(94,70),(149,85),(49,9),(171,44),(251,28),(192,109),(262,10),(272,54),(10,112),(281,102),(203,106),(241,70),(87,79),(275,43),(110,94),(182,86),(266,16),(149,41),(141,40),(309,44),
124:(189,76),(154,34),(188,97),(72,32),(214,28),(47,94),(254,67),(138,29),(144,106),(175,49),(269,4),(262,82),(301,75),(127,73),(128,79),(294,61),(124,121),(145,61),(248,55),(30,103),(185,67),(260,70),(41,18),(192,40),(110,103),(124,100),(52,79),(254,94),(9,60),(152,82),(94,70),(148,85),(49,9),(171,45),(251,28),(193,109),(263,10),(272,54),(10,112),(281,102),(203,106),(240,70),(88,79),(275,42),(110,94),(182,85),(266,16),(149,40),(142,40),(309,44),
125:(190,76),(153,34),(189,97),(72,33),(213,28),(47,93),(255,67),(138,30),(145,106),(175,49),(270,4),(262,82),(302,75),(126,73),(129,79),(294,61),(125,121),(145,61),(248,55),(30,103),(184,67),(261,70),(40,18),(191,40),(109,103),(125,100),(52,79),(254,94),(9,60),(153,82),(94,70),(147,85),(49,9),(171,46),(251,28),(194,109),(264,10),(272,54),(10,112),(281,102),(203,106),(239,70),(89,79),(275,41),(110,94),(181,85),(266,16),(148,40),(143,40),(309,44),
126:(191,76),(152,34),(190,97),(72,34),(212,28),(47,92),(256,67),(138,31),(146,106),(175,49),(271,4),(262,82),(303,75),(125,73),(130,79),(294,61),(126,121),(145,61),(248,55),(30,103),(183,67),(262,70),(40,17),(190,40),(108,103),(126,100),(52,79),(254,94),(9,60),(154,82),(94,70),(146,85),(49,9),(171,47),(251,28),(195,109),(265,10),(272,54),(10,112),(281,102),(203,106),(238,70),(90,79),(276,41),(110,94),(180,85),(266,16),(147,40),(144,40),(309,44),
127:(192,76),(151,34),(191,97),(71,34),(211,28),(47,91),(257,67),(139,31),(147,106),(175,49),(272,4),(262,82),(304,75),(124,73),(131,79),(294,61),(127,121),(145,61),(248,55),(30,103),(182,67),(263,70),(40,16),(189,40),(107,103),(127,100),(52,79),(254,94),(9,60),(155,82),(94,70),(145,85),(49,9),(171,48),(251,28),(196,109),(266,10),(272,54),(10,112),(281,102),(203,106),(237,70),(91,79),(277,41),(110,94),(179,85),(266,16),(146,40),(145,40),(309,44),
128:(193,76),(150,34),(192,97),(70,34),(211,28),(46,91),(258,67),(140,31),(148,106),(175,49),(273,4),(262,82),(304,75),(123,73),(132,79),(294,61),(128,121),(145,61),(248,55),(30,103),(181,67),(264,70),(39,16),(188,40),(106,103),(128,100),(52,79),(254,94),(9,60),(156,82),(94,70),(144,85),(49,9),(171,49),(251,28),(197,109),(267,10),(272,54),(10,112),(281,102),(203,106),(236,70),(92,79),(278,41),(110,94),(178,85),(266,16),(145,40),(144,40),(309,44),
129:(193,77),(149,34),(193,97),(69,34),(211,28),(45,91),(259,67),(141,31),(149,106),(175,49),(274,4),(262,82),(304,75),(122,73),(133,79),(294,61),(129,121),(145,61),(248,55),(30,103),(180,67),(265,70),(38,16),(187,40),(105,103),(129,100),(52,79),(254,94),(9,60),(157,82),(94,70),(143,85),(49,9),(171,50),(251,28),(198,109),(268,10),(272,54),(10,112),(281,102),(203,106),(235,70),(93,79),(279,41),(110,94),(177,85),(266,16),(144,40),(143,40),(309,44),
130:(193,78),(148,34),(194,97),(68,34),(211,28),(45,90),(259,66),(142,31),(150,106),(175,49),(275,4),(262,82),(304,75),(121,73),(134,79),(294,61),(130,121),(145,61),(248,55),(30,103),(179,67),(266,70),(38,15),(186,40),(104,103),(130,100),(52,79),(254,94),(9,60),(158,82),(94,70),(142,85),(49,9),(171,51),(251,28),(199,109),(269,10),(272,54),(10,112),(281,102),(203,106),(234,70),(94,79),(279,40),(110,94),(176,85),(266,16),(143,40),(142,40),(309,44),
131:(193,79),(147,34),(195,97),(67,34),(211,28),(45,89),(259,65),(143,31),(151,106),(175,49),(276,4),(262,82),(304,75),(120,73),(135,79),(294,61),(131,121),(145,61),(248,55),(30,103),(178,67),(267,70),(37,15),(185,40),(103,103),(131,100),(52,79),(254,94),(9,60),(159,82),(94,70),(141,85),(49,9),(171,52),(251,28),(200,109),(270,10),(272,54),(10,112),(281,102),(203,106),(233,70),(94,80),(279,39),(110,94),(175,85),(266,16),(142,40),(141,40),(309,44),
132:(193,80),(146,34),(196,97),(66,34),(211,28),(44,89),(259,64),(144,31),(152,106),(175,49),(277,4),(262,82),(304,75),(119,73),(136,79),(294,61),(132,121),(145,61),(248,55),(30,103),(177,67),(268,70),(36,15),(184,40),(102,103),(132,100),(52,79),(254,94),(9,60),(160,82),(94,70),(140,85),(49,9),(171,53),(251,28),(201,109),(271,10),(272,54),(10,112),(281,102),(203,106),(232,70),(94,81),(280,39),(110,94),(174,85),(266,16),(141,40),(140,40),(309,44),
133:(193,81),(145,34),(197,97),(65,34),(211,28),(43,89),(259,63),(145,31),(153,106),(175,49),(278,4),(262,82),(304,75),(118,73),(137,79),(294,61),(133,121),(145,61),(248,55),(30,103),(176,67),(269,70),(35,15),(183,40),(101,103),(133,100),(52,79),(254,94),(9,60),(161,82),(94,70),(139,85),(49,9),(171,54),(251,28),(202,109),(271,10),(272,54),(10,112),(281,102),(203,106),(231,70),(94,82),(280,38),(110,94),(173,85),(266,16),(140,40),(139,40),(309,44),
134:(193,82),(144,34),(198,97),(64,34),(211,28),(42,89),(259,62),(146,31),(154,106),(175,49),(279,4),(262,82),(304,75),(117,73),(138,79),(294,61),(134,121),(145,61),(248,55),(30,103),(175,67),(270,70),(34,15),(182,40),(100,103),(134,100),(52,79),(254,94),(9,60),(162,82),(94,70),(138,85),(49,9),(171,55),(251,28),(203,109),(271,10),(272,54),(10,112),(281,102),(203,106),(230,70),(95,82),(280,37),(110,94),(172,85),(266,16),(139,40),(138,40),(309,44),
135:(193,83),(143,34),(199,97),(63,34),(211,28),(41,89),(259,61),(147,31),(155,106),(175,49),(280,4),(262,82),(304,75),(116,73),(139,79),(294,61),(135,121),(145,61),(248,55),(30,103),(174,67),(270,71),(33,15),(182,41),(99,103),(135,100),(52,79),(254,94),(9,60),(163,82),(94,70),(137,85),(49,9),(171,56),(251,28),(204,109),(271,10),(272,54),(10,112),(281,102),(203,106),(229,70),(96,82),(281,37),(110,94),(171,85),(266,16),(138,40),(138,41),(309,44),
136:(193,84),(142,34),(200,97),(62,34),(211,28),(40,89),(259,60),(148,31),(156,106),(175,49),(281,4),(262,82),(304,75),(116,72),(140,79),(294,61),(136,121),(145,61),(248,55),(30,103),(173,67),(271,71),(32,15),(182,42),(98,103),(136,100),(52,79),(254,94),(9,60),(164,82),(94,70),(136,85),(49,9),(171,57),(251,28),(205,109),(271,10),(272,54),(10,112),(281,102),(203,106),(228,70),(97,82),(282,37),(110,94),(171,84),(266,16),(137,40),(138,42),(309,44),
137:(193,85),(141,34),(201,97),(61,34),(211,28),(39,89),(259,59),(149,31),(157,106),(175,49),(282,4),(262,82),(304,75),(116,71),(141,79),(294,61),(137,121),(145,61),(248,55),(30,103),(172,67),(271,72),(31,15),(182,43),(97,103),(137,100),(52,79),(254,94),(9,60),(165,82),(94,70),(135,85),(49,9),(171,58),(251,28),(206,109),(271,10),(272,54),(10,112),(281,102),(203,106),(227,70),(98,82),(283,37),(110,94),(171,83),(266,16),(136,40),(138,43),(309,44),
138:(193,86),(140,34),(202,97),(61,35),(211,28),(38,89),(259,58),(150,31),(158,106),(175,49),(283,4),(262,82),(304,75),(116,70),(142,79),(294,61),(138,121),(145,61),(248,55),(30,103),(171,67),(271,73),(30,15),(182,44),(96,103),(138,100),(52,79),(254,94),(9,60),(166,82),(94,70),(134,85),(49,9),(171,59),(251,28),(207,109),(271,10),(272,54),(10,112),(281,102),(203,106),(226,70),(99,82),(284,37),(110,94),(171,82),(266,16),(135,40),(138,44),(309,44),
139:(193,87),(139,34),(203,97),(61,36),(211,28),(38,88),(260,58),(151,31),(159,106),(175,49),(284,4),(262,82),(304,75),(116,69),(143,79),(294,61),(139,121),(145,61),(248,55),(30,103),(170,67),(271,74),(29,15),(182,45),(95,103),(139,100),(52,79),(254,94),(9,60),(167,82),(94,70),(133,85),(49,9),(171,60),(251,28),(208,109),(271,10),(272,54),(10,112),(281,102),(203,106),(225,70),(100,82),(284,36),(110,94),(171,81),(266,16),(134,40),(138,45),(309,44),
140:(193,88),(138,34),(204,97),(61,37),(211,28),(37,88),(261,58),(152,31),(160,106),(175,49),(285,4),(262,82),(304,75),(116,68),(144,79),(294,61),(140,121),(145,61),(248,55),(30,103),(169,67),(271,75),(28,15),(182,46),(94,103),(140,100),(52,79),(254,94),(9,60),(168,82),(94,70),(132,85),(49,9),(171,61),(251,28),(209,109),(271,10),(272,54),(10,112),(281,102),(203,106),(224,70),(101,82),(284,35),(110,94),(171,80),(266,16),(133,40),(138,46),(309,44),
141:(193,89),(137,34),(204,98),(60,37),(211,28),(36,88),(262,58),(153,31),(161,106),(175,49),(286,4),(262,82),(304,75),(116,67),(145,79),(294,61),(141,121),(145,61),(248,55),(30,103),(168,67),(272,75),(27,15),(181,46),(93,103),(141,100),(52,79),(254,94),(9,60),(169,82),(94,70),(131,85),(49,9),(171,62),(251,28),(210,109),(271,10),(272,54),(10,112),(281,102),(203,106),(223,70),(102,82),(285,35),(110,94),(171,79),(266,16),(132,40),(139,46),(309,44),
142:(193,90),(136,34),(204,99),(59,37),(211,28),(36,87),(263,58),(154,31),(162,106),(175,49),(287,4),(262,82),(304,75),(115,67),(146,79),(294,61),(142,121),(145,61),(248,55),(30,103),(167,67),(273,75),(26,15),(180,46),(92,103),(142,100),(52,79),(254,94),(9,60),(170,82),(94,70),(130,85),(49,9),(171,63),(251,28),(211,109),(271,10),(272,54),(10,112),(281,102),(203,106),(222,70),(103,82),(285,34),(110,94),(171,78),(266,16),(131,40),(140,46),(309,44),
143:(193,91),(135,34),(204,100),(58,37),(211,28),(36,86),(264,58),(155,31),(163,106),(175,49),(288,4),(262,82),(304,75),(114,67),(147,79),(294,61),(143,121),(145,61),(248,55),(30,103),(166,67),(274,75),(25,15),(179,46),(91,103),(143,100),(52,79),(254,94),(9,60),(171,82),(94,70),(129,85),(49,9),(171,64),(251,28),(212,109),(271,10),(272,54),(10,112),(281,102),(203,106),(221,70),(104,82),(285,33),(110,94),(171,77),(266,16),(130,40),(141,46),(309,44),
144:(193,92),(134,34),(204,101),(57,37),(211,28),(35,86),(265,58),(156,31),(164,106),(175,49),(289,4),(262,82),(304,75),(113,67),(148,79),(294,61),(144,121),(145,61),(248,55),(30,103),(165,67),(274,76),(24,15),(178,46),(90,103),(144,100),(52,79),(254,94),(9,60),(172,82),(94,70),(128,85),(49,9),(171,65),(251,28),(213,109),(271,10),(272,54),(10,112),(281,102),(203,106),(220,70),(105,82),(286,33),(110,94),(171,76),(266,16),(129,40),(142,46),(309,44),
145:(193,93),(133,34),(204,102),(56,37),(211,28),(35,85),(266,58),(157,31),(165,106),(175,49),(290,4),(262,82),(304,75),(112,67),(149,79),(294,61),(145,121),(145,61),(248,55),(30,103),(164,67),(274,77),(23,15),(177,46),(89,103),(145,100),(52,79),(254,94),(9,60),(173,82),(94,70),(127,85),(49,9),(171,66),(251,28),(214,109),(271,10),(272,54),(10,112),(281,102),(203,106),(219,70),(105,83),(286,32),(110,94),(170,76),(266,16),(128,40),(143,46),(309,44),
146:(193,94),(132,34),(204,103),(55,37),(211,28),(35,84),(267,58),(158,31),(166,106),(175,49),(291,4),(262,82),(304,75),(111,67),(150,79),(294,61),(146,121),(145,61),(248,55),(30,103),(163,67),(274,78),(23,15),(176,46),(88,103),(146,100),(52,79),(254,94),(9,60),(174,82),(94,70),(126,85),(49,9),(171,67),(251,28),(215,109),(271,10),(272,54),(10,112),(281,102),(203,106),(218,70),(105,84),(286,31),(110,94),(169,76),(266,16),(127,40),(144,46),(309,44),
147:(194,94),(131,34),(205,103),(54,37),(211,28),(34,84),(268,58),(159,31),(167,106),(175,49),(292,4),(262,82),(304,75),(110,67),(151,79),(294,61),(147,121),(145,61),(248,55),(30,103),(162,67),(274,79),(23,15),(175,46),(87,103),(147,100),(52,79),(254,94),(9,60),(175,82),(94,70),(125,85),(49,9),(171,68),(251,28),(216,109),(271,10),(272,54),(10,112),(281,102),(203,106),(217,70),(105,85),(287,31),(110,94),(168,76),(266,16),(126,40),(145,46),(309,44),
148:(195,94),(130,34),(206,103),(53,37),(211,28),(33,84),(269,58),(160,31),(168,106),(175,49),(293,4),(262,82),(304,75),(109,67),(152,79),(294,61),(148,121),(145,61),(248,55),(30,103),(161,67),(274,80),(23,15),(174,46),(86,103),(148,100),(52,79),(254,94),(9,60),(176,82),(94,70),(124,85),(49,9),(171,69),(251,28),(217,109),(271,10),(272,54),(10,112),(281,102),(203,106),(216,70),(106,85),(288,31),(110,94),(167,76),(266,16),(125,40),(146,46),(309,44),
149:(196,94),(129,34),(207,103),(52,37),(211,28),(32,84),(270,58),(161,31),(169,106),(175,49),(294,4),(262,82),(304,75),(108,67),(153,79),(294,61),(149,121),(145,61),(248,55),(30,103),(160,67),(274,81),(23,15),(173,46),(85,103),(149,100),(52,79),(254,94),(9,60),(177,82),(94,70),(123,85),(49,9),(171,70),(251,28),(218,109),(271,10),(272,54),(10,112),(281,102),(203,106),(215,70),(107,85),(288,30),(110,94),(166,76),(266,16),(124,40),(147,46),(309,44),
150:(197,94),(129,34),(208,103),(51,37),(211,28),(32,83),(271,58),(162,31),(170,106),(175,49),(294,4),(262,82),(304,75),(107,67),(154,79),(294,61),(150,121),(145,61),(248,55),(30,103),(159,67),(274,82),(23,15),(172,46),(84,103),(150,100),(52,79),(254,94),(9,60),(178,82),(94,70),(122,85),(49,9),(171,71),(251,28),(219,109),(271,10),(272,54),(10,112),(281,102),(203,106),(214,70),(108,85),(289,30),(110,94),(165,76),(266,16),(123,40),(148,46),(309,44),
151:(198,94),(129,34),(209,103),(50,37),(211,28),(31,83),(272,58),(163,31),(171,106),(175,49),(294,4),(262,82),(304,75),(106,67),(155,79),(294,61),(151,121),(145,61),(248,55),(30,103),(158,67),(274,82),(23,15),(171,46),(83,103),(151,100),(52,79),(254,94),(9,60),(179,82),(94,70),(121,85),(49,9),(171,72),(251,28),(220,109),(271,10),(272,54),(10,112),(281,102),(203,106),(213,70),(109,85),(290,30),(110,94),(164,76),(266,16),(122,40),(149,46),(309,44),
152:(199,94),(129,34),(210,103),(50,38),(211,28),(31,82),(273,58),(164,31),(172,106),(175,49),(294,4),(262,82),(304,75),(105,67),(156,79),(294,61),(152,121),(145,61),(248,55),(30,103),(157,67),(274,82),(23,15),(170,46),(82,103),(152,100),(52,79),(254,94),(9,60),(180,82),(94,70),(120,85),(49,9),(171,73),(251,28),(221,109),(271,10),(272,54),(10,112),(281,102),(203,106),(212,70),(110,85),(290,29),(110,94),(163,76),(266,16),(121,40),(149,47),(309,44),
153:(199,94),(129,34),(211,103),(50,39),(211,28),(31,81),(274,58),(165,31),(173,106),(175,49),(294,4),(262,82),(304,75),(104,67),(157,79),(294,61),(153,121),(145,61),(248,55),(30,103),(156,67),(274,82),(23,15),(169,46),(81,103),(153,100),(52,79),(254,94),(9,60),(181,82),(94,70),(119,85),(49,9),(171,74),(251,28),(222,109),(271,10),(272,54),(10,112),(281,102),(203,106),(211,70),(111,85),(291,29),(110,94),(162,76),(266,16),(120,40),(149,48),(309,44),
154:(199,94),(129,34),(212,103),(49,39),(211,28),(31,80),(274,57),(166,31),(174,106),(175,49),(294,4),(262,82),(304,75),(103,67),(158,79),(294,61),(154,121),(145,61),(248,55),(30,103),(155,67),(274,82),(23,15),(168,46),(80,103),(154,100),(52,79),(254,94),(9,60),(182,82),(94,70),(118,85),(49,9),(171,75),(251,28),(223,109),(271,10),(272,54),(10,112),(281,102),(203,106),(210,70),(112,85),(291,28),(110,94),(161,76),(266,16),(119,40),(149,49),(309,44),
155:(199,94),(129,34),(213,103),(48,39),(211,28),(31,79),(274,56),(167,31),(175,106),(175,49),(294,4),(262,82),(304,75),(102,67),(159,79),(294,61),(155,121),(145,61),(248,55),(30,103),(154,67),(274,82),(23,15),(167,46),(79,103),(155,100),(52,79),(254,94),(9,60),(183,82),(94,70),(117,85),(49,9),(171,76),(251,28),(224,109),(271,10),(272,54),(10,112),(281,102),(203,106),(209,70),(113,85),(291,27),(110,94),(160,76),(266,16),(118,40),(149,50),(309,44),
156:(199,94),(129,34),(214,103),(48,40),(211,28),(30,79),(274,55),(168,31),(176,106),(175,49),(294,4),(262,82),(304,75),(101,67),(160,79),(294,61),(156,121),(145,61),(248,55),(30,103),(153,67),(274,82),(23,15),(166,46),(78,103),(156,100),(52,79),(254,94),(9,60),(184,82),(94,70),(116,85),(49,9),(171,77),(251,28),(225,109),(271,10),(272,54),(10,112),(281,102),(203,106),(208,70),(114,85),(291,26),(110,94),(159,76),(266,16),(117,40),(149,51),(309,44),
157:(199,94),(129,34),(215,103),(47,40),(211,28),(29,79),(275,55),(169,31),(177,106),(175,49),(294,4),(262,82),(304,75),(100,67),(161,79),(294,61),(157,121),(145,61),(248,55),(30,103),(152,67),(274,82),(23,15),(165,46),(77,103),(157,100),(52,79),(254,94),(9,60),(185,82),(94,70),(116,86),(49,9),(171,78),(251,28),(226,109),(271,10),(272,54),(10,112),(281,102),(203,106),(207,70),(115,85),(291,25),(110,94),(158,76),(266,16),(116,40),(149,52),(309,44),
158:(199,94),(129,34),(216,103),(46,40),(211,28),(28,79),(276,55),(170,31),(178,106),(175,49),(294,4),(262,82),(304,75),(99,67),(162,79),(294,61),(158,121),(145,61),(248,55),(30,103),(151,67),(274,82),(23,15),(164,46),(76,103),(158,100),(52,79),(254,94),(9,60),(186,82),(94,70),(116,87),(49,9),(171,79),(251,28),(227,109),(271,10),(272,54),(10,112),(281,102),(203,106),(206,70),(116,85),(291,24),(110,94),(157,76),(266,16),(115,40),(150,52),(309,44),
159:(199,94),(129,34),(217,103),(45,40),(211,28),(28,78),(276,54),(171,31),(179,106),(175,49),(294,4),(262,82),(304,75),(98,67),(163,79),(294,61),(159,121),(145,61),(248,55),(30,103),(150,67),(274,82),(23,15),(163,46),(75,103),(159,100),(52,79),(254,94),(9,60),(187,82),(94,70),(116,88),(49,9),(171,80),(251,28),(228,109),(271,10),(272,54),(10,112),(281,102),(203,106),(205,70),(117,85),(291,23),(110,94),(156,76),(266,16),(114,40),(151,52),(309,44),
160:(199,94),(129,34),(218,103),(44,40),(211,28),(28,77),(277,54),(172,31),(180,106),(175,49),(294,4),(262,82),(304,75),(97,67),(164,79),(294,61),(160,121),(145,61),(248,55),(30,103),(149,67),(274,82),(23,15),(162,46),(74,103),(160,100),(52,79),(254,94),(9,60),(188,82),(94,70),(116,89),(49,9),(171,81),(251,28),(229,109),(271,10),(272,54),(10,112),(281,102),(203,106),(204,70),(118,85),(292,23),(110,94),(155,76),(266,16),(113,40),(152,52),(309,44),
161:(199,94),(129,34),(219,103),(43,40),(211,28),(28,76),(278,54),(173,31),(181,106),(175,49),(294,4),(262,82),(304,75),(96,67),(165,79),(294,61),(161,121),(145,61),(248,55),(30,103),(148,67),(274,82),(23,15),(161,46),(73,103),(161,100),(52,79),(254,94),(9,60),(189,82),(94,70),(116,90),(49,9),(171,82),(251,28),(230,109),(271,10),(272,54),(10,112),(281,102),(203,106),(203,70),(119,85),(292,22),(110,94),(154,76),(266,16),(112,40),(153,52),(309,44),
162:(199,94),(129,34),(220,103),(42,40),(211,28),(27,76),(279,54),(174,31),(182,106),(175,49),(294,4),(262,82),(304,75),(95,67),(166,79),(294,61),(162,121),(145,61),(248,55),(30,103),(147,67),(274,82),(23,15),(160,46),(72,103),(162,100),(52,79),(254,94),(9,60),(190,82),(94,70),(116,91),(49,9),(171,83),(251,28),(231,109),(271,10),(272,54),(10,112),(281,102),(203,106),(202,70),(120,85),(293,22),(110,94),(153,76),(266,16),(111,40),(154,52),(309,44),
163:(199,94),(129,34),(221,103),(41,40),(211,28),(26,76),(280,54),(175,31),(183,106),(175,49),(294,4),(262,82),(304,75),(94,67),(167,79),(294,61),(163,121),(145,61),(248,55),(30,103),(146,67),(274,82),(23,15),(160,47),(71,103),(163,100),(52,79),(254,94),(9,60),(191,82),(94,70),(116,92),(49,9),(171,84),(251,28),(232,109),(271,10),(272,54),(10,112),(281,102),(203,106),(201,70),(121,85),(294,22),(110,94),(152,76),(266,16),(110,40),(155,52),(309,44),
164:(199,94),(129,34),(222,103),(41,41),(211,28),(26,75),(281,54),(176,31),(184,106),(175,49),(294,4),(262,82),(304,75),(93,67),(168,79),(294,61),(164,121),(145,61),(248,55),(30,103),(145,67),(274,82),(23,15),(160,48),(70,103),(164,100),(52,79),(254,94),(9,60),(192,82),(94,70),(116,93),(49,9),(171,85),(251,28),(233,109),(271,10),(272,54),(10,112),(281,102),(203,106),(200,70),(122,85),(295,22),(110,94),(151,76),(266,16),(109,40),(156,52),(309,44),
165:(199,94),(129,34),(223,103),(41,42),(211,28),(26,74),(281,53),(177,31),(185,106),(175,49),(294,4),(262,82),(304,75),(92,67),(169,79),(294,61),(165,121),(145,61),(248,55),(30,103),(144,67),(274,82),(23,15),(160,49),(69,103),(165,100),(52,79),(254,94),(9,60),(193,82),(94,70),(116,94),(49,9),(171,86),(251,28),(234,109),(271,10),(272,54),(10,112),(281,102),(203,106),(199,70),(123,85),(295,21),(110,94),(150,76),(266,16),(108,40),(157,52),(309,44),
166:(199,94),(129,34),(224,103),(41,43),(211,28),(26,73),(282,53),(178,31),(186,106),(175,49),(294,4),(262,82),(304,75),(91,67),(170,79),(294,61),(166,121),(145,61),(248,55),(30,103),(143,67),(274,82),(23,15),(160,50),(68,103),(166,100),(52,79),(254,94),(9,60),(194,82),(94,70),(115,94),(49,9),(171,87),(251,28),(235,109),(271,10),(272,54),(10,112),(281,102),(203,106),(198,70),(124,85),(295,20),(110,94),(149,76),(266,16),(107,40),(158,52),(309,44),
167:(199,94),(129,34),(225,103),(40,43),(211,28),(26,72),(283,53),(179,31),(187,106),(175,49),(294,4),(262,82),(304,75),(90,67),(171,79),(294,61),(167,121),(145,61),(248,55),(30,103),(142,67),(274,82),(23,15),(160,51),(67,103),(167,100),(52,79),(254,94),(9,60),(195,82),(94,70),(114,94),(49,9),(171,88),(251,28),(236,109),(271,10),(272,54),(10,112),(281,102),(203,106),(197,70),(125,85),(295,19),(110,94),(148,76),(266,16),(106,40),(159,52),(309,44),
168:(199,94),(129,34),(226,103),(39,43),(211,28),(26,71),(284,53),(180,31),(188,106),(175,49),(294,4),(262,82),(304,75),(89,67),(172,79),(294,61),(168,121),(145,61),(248,55),(30,103),(141,67),(274,82),(23,15),(160,52),(66,103),(168,100),(52,79),(254,94),(9,60),(196,82),(94,70),(113,94),(49,9),(171,89),(251,28),(237,109),(271,10),(272,54),(10,112),(281,102),(203,106),(196,70),(126,85),(295,18),(110,94),(147,76),(266,16),(105,40),(159,52),(309,44),
169:(199,94),(129,34),(226,104),(39,44),(211,28),(26,70),(285,53),(181,31),(189,106),(175,49),(294,4),(262,82),(304,75),(88,67),(173,79),(294,61),(169,121),(145,61),(248,55),(30,103),(140,67),(274,82),(23,15),(160,53),(65,103),(169,100),(52,79),(254,94),(9,60),(197,82),(94,70),(112,94),(49,9),(171,90),(251,28),(238,109),(271,10),(272,54),(10,112),(281,102),(203,106),(195,70),(127,85),(295,17),(110,94),(146,76),(266,16),(104,40),(160,52),(309,44),
170:(199,94),(129,34),(226,105),(38,44),(211,28),(26,69),(285,52),(182,31),(190,106),(175,49),(294,4),(262,82),(304,75),(87,67),(174,79),(294,61),(170,121),(145,61),(248,55),(30,103),(139,67),(274,82),(23,15),(160,54),(64,103),(170,100),(52,79),(254,94),(9,60),(198,82),(94,70),(111,94),(49,9),(171,91),(251,28),(239,109),(271,10),(272,54),(10,112),(281,102),(203,106),(194,70),(128,85),(295,16),(110,94),(145,76),(266,16),(103,40),(160,53),(309,44),
171:(199,94),(129,34),(226,106),(37,44),(211,28),(26,68),(286,52),(183,31),(191,106),(175,49),(294,4),(262,82),(304,75),(86,67),(175,79),(294,61),(171,121),(145,61),(248,55),(30,103),(138,67),(274,82),(23,15),(160,55),(63,103),(171,100),(52,79),(254,94),(9,60),(199,82),(94,70),(110,94),(49,9),(171,92),(251,28),(240,109),(271,10),(272,54),(10,112),(281,102),(203,106),(193,70),(129,85),(295,15),(109,94),(144,76),(266,16),(102,40),(160,54),(309,44),
172:(199,94),(129,34),(226,107),(37,45),(211,28),(26,67),(287,52),(184,31),(192,106),(175,49),(294,4),(262,82),(304,75),(85,67),(176,79),(294,61),(172,121),(145,61),(248,55),(30,103),(137,67),(274,82),(23,15),(159,55),(62,103),(172,100),(52,79),(254,94),(9,60),(200,82),(94,70),(109,94),(49,9),(171,93),(251,28),(241,109),(271,10),(272,54),(10,112),(281,102),(203,106),(192,70),(130,85),(295,14),(108,94),(143,76),(266,16),(101,40),(160,55),(309,44),
173:(199,94),(129,34),(226,108),(36,45),(211,28),(26,66),(288,52),(185,31),(193,106),(175,49),(294,4),(262,82),(304,75),(84,67),(177,79),(294,61),(173,121),(145,61),(248,55),(30,103),(136,67),(274,82),(23,15),(158,55),(61,103),(173,100),(52,79),(254,94),(9,60),(201,82),(94,70),(108,94),(49,9),(171,94),(251,28),(242,109),(271,10),(272,54),(10,112),(281,102),(203,106),(191,70),(131,85),(295,13),(107,94),(142,76),(266,16),(100,40),(160,56),(309,44),
174:(199,94),(129,34),(226,109),(35,45),(211,28),(26,65),(289,52),(186,31),(194,106),(175,49),(294,4),(262,82),(304,75),(83,67),(178,79),(294,61),(174,121),(145,61),(248,55),(30,103),(135,67),(274,82),(23,15),(157,55),(60,103),(174,100),(52,79),(254,94),(9,60),(202,82),(94,70),(107,94),(49,9),(171,95),(251,28),(243,109),(271,10),(272,54),(10,112),(281,102),(203,106),(190,70),(132,85),(295,12),(106,94),(141,76),(266,16),(99,40),(160,57),(309,44),
175:(199,94),(129,34),(227,109),(34,45),(211,28),(26,64),(290,52),(187,31),(195,106),(175,49),(294,4),(262,82),(304,75),(82,67),(179,79),(294,61),(175,121),(145,61),(248,55),(30,103),(134,67),(274,82),(23,15),(156,55),(59,103),(175,100),(52,79),(254,94),(9,60),(203,82),(94,70),(106,94),(49,9),(171,95),(251,28),(244,109),(271,10),(272,54),(10,112),(281,102),(203,106),(189,70),(133,85),(295,11),(105,94),(140,76),(266,16),(98,40),(160,58),(309,44),
176:(199,94),(129,34),(228,109),(33,45),(211,28),(26,63),(291,52),(188,31),(196,106),(175,49),(294,4),(262,82),(304,75),(81,67),(180,79),(294,61),(176,121),(145,61),(248,55),(30,103),(133,67),(274,82),(23,15),(155,55),(58,103),(176,100),(52,79),(254,94),(9,60),(204,82),(94,70),(105,94),(49,9),(171,95),(251,28),(245,109),(271,10),(272,54),(10,112),(281,102),(203,106),(188,70),(134,85),(295,10),(105,95),(139,76),(266,16),(97,40),(161,58),(309,44),
177:(199,94),(129,34),(229,109),(32,45),(211,28),(26,62),(292,52),(189,31),(197,106),(175,49),(294,4),(262,82),(304,75),(80,67),(181,79),(294,61),(177,121),(145,61),(248,55),(30,103),(132,67),(274,82),(23,15),(154,55),(57,103),(177,100),(52,79),(254,94),(9,60),(205,82),(94,70),(105,95),(49,9),(171,95),(251,28),(246,109),(271,10),(272,54),(10,112),(281,102),(203,106),(187,70),(135,85),(295,9),(105,96),(138,76),(266,16),(96,40),(162,58),(309,44),
178:(199,94),(129,34),(230,109),(31,45),(211,28),(26,61),(292,51),(190,31),(198,106),(175,49),(294,4),(262,82),(304,75),(79,67),(182,79),(294,61),(178,121),(145,61),(248,55),(30,103),(131,67),(274,82),(23,15),(153,55),(56,103),(178,100),(52,79),(254,94),(9,60),(206,82),(94,70),(105,96),(49,9),(171,95),(251,28),(247,109),(271,10),(272,54),(10,112),(281,102),(203,106),(186,70),(136,85),(295,8),(105,97),(137,76),(266,16),(95,40),(163,58),(309,44),
179:(199,94),(129,34),(231,109),(30,45),(211,28),(26,60),(292,50),(191,31),(199,106),(175,49),(294,4),(262,82),(304,75),(78,67),(183,79),(294,61),(179,121),(145,61),(248,55),(30,103),(130,67),(274,82),(23,15),(152,55),(55,103),(179,100),(52,79),(254,94),(9,60),(207,82),(94,70),(105,97),(49,9),(171,95),(251,28),(248,109),(271,10),(272,54),(10,112),(281,102),(203,106),(185,70),(137,85),(295,7),(106,97),(136,76),(266,16),(94,40),(164,58),(309,44),
180:(199,94),(129,34),(232,109),(29,45),(211,28),(26,59),(292,49),(192,31),(200,106),(175,49),(294,4),(262,82),(304,75),(77,67),(184,79),(294,61),(180,121),(145,61),(248,55),(30,103),(129,67),(274,82),(23,15),(151,55),(54,103),(180,100),(52,79),(254,94),(9,60),(208,82),(94,70),(104,97),(49,9),(171,95),(251,28),(249,109),(271,10),(272,54),(10,112),(281,102),(203,106),(184,70),(138,85),(295,6),(105,97),(135,76),(266,16),(93,40),(165,58),(309,44),
181:(199,94),(129,34),(233,109),(29,46),(211,28),(26,58),(292,48),(193,31),(201,106),(175,49),(294,4),(262,82),(304,75),(76,67),(185,79),(294,61),(181,121),(145,61),(248,55),(30,103),(128,67),(274,82),(23,15),(150,55),(53,103),(181,100),(52,79),(254,94),(9,60),(209,82),(94,70),(103,97),(49,9),(171,95),(251,28),(250,109),(271,10),(272,54),(10,112),(281,102),(203,106),(183,70),(139,85),(295,5),(105,96),(134,76),(266,16),(92,40),(166,58),(309,44),
182:(199,94),(129,34),(234,109),(28,46),(211,28),(26,57),(292,47),(194,31),(202,106),(175,49),(294,4),(262,82),(304,75),(75,67),(186,79),(294,61),(182,121),(145,61),(248,55),(30,103),(127,67),(274,82),(23,15),(149,55),(52,103),(182,100),(52,79),(254,94),(9,60),(210,82),(94,70),(102,97),(49,9),(171,95),(251,28),(251,109),(271,10),(272,54),(10,112),(281,102),(203,106),(182,70),(140,85),(295,4),(105,95),(133,76),(266,16),(91,40),(167,58),(309,44),
183:(199,94),(129,34),(235,109),(28,47),(211,28),(26,56),(292,46),(195,31),(203,106),(175,49),(294,4),(262,82),(304,75),(74,67),(187,79),(294,61),(183,121),(145,61),(248,55),(30,103),(126,67),(274,82),(23,15),(149,56),(51,103),(183,100),(52,79),(254,94),(9,60),(211,82),(94,70),(101,97),(49,9),(171,95),(251,28),(252,109),(271,10),(272,54),(10,112),(281,102),(204,106),(181,70),(141,85),(295,3),(105,94),(132,76),(266,16),(90,40),(168,58),(309,44),
184:(199,94),(129,34),(236,109),(28,48),(211,28),(26,55),(293,46),(196,31),(204,106),(175,49),(294,4),(262,82),(304,75),(73,67),(188,79),(294,61),(184,121),(145,61),(248,55),(30,103),(125,67),(274,82),(23,15),(149,57),(50,103),(184,100),(52,79),(254,94),(9,60),(212,82),(94,70),(100,97),(49,9),(171,95),(251,28),(253,109),(271,10),(272,54),(10,112),(281,102),(205,106),(180,70),(142,85),(295,3),(106,94),(131,76),(266,16),(89,40),(169,58),(309,44),
185:(199,94),(129,34),(237,109),(28,49),(211,28),(26,54),(293,45),(197,31),(205,106),(175,49),(294,4),(262,82),(304,75),(72,67),(189,79),(294,61),(185,121),(145,61),(248,55),(30,103),(124,67),(274,82),(23,15),(149,58),(50,104),(185,100),(52,79),(254,94),(9,60),(213,82),(94,70),(99,97),(49,9),(171,95),(251,28),(254,109),(271,10),(272,54),(10,112),(281,102),(206,106),(179,70),(143,85),(295,3),(107,94),(130,76),(266,16),(88,40),(170,58),(309,44),
186:(199,94),(129,34),(238,109),(28,50),(211,28),(26,53),(293,44),(198,31),(206,106),(175,49),(294,4),(262,82),(304,75),(72,66),(190,79),(294,61),(186,121),(145,61),(248,55),(30,103),(123,67),(274,82),(23,15),(148,58),(49,104),(186,100),(52,79),(254,94),(9,60),(214,82),(94,70),(98,97),(49,9),(171,95),(251,28),(255,109),(271,10),(272,54),(10,112),(281,102),(207,106),(178,70),(144,85),(295,3),(108,94),(129,76),(266,16),(87,40),(171,58),(309,44),
187:(199,94),(129,34),(239,109),(27,50),(211,28),(26,52),(293,43),(199,31),(207,106),(175,49),(294,4),(262,82),(304,75),(72,65),(191,79),(294,61),(187,121),(145,61),(248,55),(30,103),(122,67),(274,82),(23,15),(147,58),(48,104),(187,100),(52,79),(254,94),(9,60),(215,82),(94,70),(97,97),(49,9),(171,95),(251,28),(256,109),(271,10),(272,54),(10,112),(281,102),(208,106),(177,70),(145,85),(295,3),(109,94),(128,76),(266,16),(86,40),(172,58),(309,44),
188:(199,94),(129,34),(240,109),(27,51),(211,28),(26,51),(294,43),(200,31),(208,106),(175,49),(294,4),(262,82),(304,75),(72,64),(192,79),(294,61),(188,121),(145,61),(248,55),(30,103),(121,67),(274,82),(23,15),(146,58),(47,104),(188,100),(52,79),(254,94),(9,60),(216,82),(94,70),(96,97),(49,9),(171,95),(251,28),(257,109),(271,10),(272,54),(10,112),(281,102),(209,106),(176,70),(146,85),(295,3),(110,94),(127,76),(266,16),(85,40),(173,58),(309,44),
189:(199,94),(129,34),(241,109),(27,52),(211,28),(26,50),(294,42),(201,31),(209,106),(175,49),(294,4),(262,82),(304,75),(71,64),(193,79),(294,61),(189,121),(145,61),(248,55),(30,103),(120,67),(274,82),(23,15),(145,58),(46,104),(189,100),(52,79),(254,94),(9,60),(217,82),(94,70),(95,97),(49,9),(171,95),(251,28),(258,109),(271,10),(272,54),(10,112),(281,102),(210,106),(175,70),(147,85),(295,3),(110,94),(127,75),(266,16),(84,40),(174,58),(309,44),
190:(199,94),(129,34),(242,109),(26,52),(211,28),(26,49),(295,42),(202,31),(210,106),(175,49),(294,4),(262,82),(304,75),(70,64),(194,79),(294,61),(190,121),(145,61),(248,55),(30,103),(119,67),(274,82),(23,15),(144,58),(45,104),(190,100),(52,79),(254,94),(9,60),(218,82),(94,70),(94,97),(49,9),(171,95),(251,28),(259,109),(271,10),(272,54),(10,112),(281,102),(211,106),(174,70),(148,85),(295,3),(110,94),(127,74),(266,16),(83,40),(175,58),(309,44),
191:(199,94),(129,34),(243,109),(26,53),(211,28),(26,49),(295,41),(203,31),(211,106),(175,49),(294,4),(262,82),(304,75),(69,64),(195,79),(294,61),(191,121),(145,61),(248,55),(30,103),(118,67),(274,82),(23,15),(143,58),(44,104),(191,100),(52,79),(254,94),(9,60),(219,82),(94,70),(94,98),(49,9),(171,95),(251,28),(260,109),(271,10),(272,54),(10,112),(281,102),(212,106),(173,70),(149,85),(295,3),(110,94),(127,73),(266,16),(82,40),(176,58),(309,44),
192:(199,94),(129,34),(244,109),(26,54),(211,28),(26,49),(296,41),(204,31),(212,106),(175,49),(294,4),(262,82),(304,75),(68,64),(196,79),(294,61),(192,121),(145,61),(248,55),(30,103),(117,67),(274,82),(23,15),(142,58),(43,104),(192,100),(52,79),(254,94),(9,60),(220,82),(94,70),(94,99),(49,9),(171,95),(251,28),(261,109),(271,10),(272,54),(10,112),(281,102),(213,106),(172,70),(149,86),(295,3),(110,94),(127,72),(266,16),(81,40),(177,58),(309,44),
193:(199,94),(129,34),(245,109),(25,54),(211,28),(26,49),(297,41),(205,31),(213,106),(175,49),(294,4),(262,82),(304,75),(67,64),(197,79),(294,61),(193,121),(145,61),(248,55),(30,103),(116,67),(274,82),(23,15),(141,58),(42,104),(193,100),(52,79),(254,94),(9,60),(221,82),(94,70),(94,100),(49,9),(171,95),(251,28),(262,109),(271,10),(272,54),(10,112),(281,102),(214,106),(171,70),(149,87),(295,3),(110,94),(127,71),(266,16),(80,40),(178,58),(309,44),
194:(199,94),(129,34),(246,109),(24,54),(211,28),(26,49),(297,40),(206,31),(214,106),(175,49),(294,4),(262,82),(304,75),(66,64),(198,79),(294,61),(194,121),(145,61),(248,55),(30,103),(115,67),(274,82),(23,15),(140,58),(41,104),(194,100),(52,79),(254,94),(9,60),(222,82),(94,70),(94,101),(49,9),(171,95),(251,28),(263,109),(271,10),(272,54),(10,112),(281,102),(215,106),(170,70),(149,88),(295,3),(110,94),(127,70),(266,16),(79,40),(179,58),(309,44),
195:(199,94),(129,34),(247,109),(23,54),(211,28),(26,49),(298,40),(207,31),(215,106),(175,49),(294,4),(262,82),(304,75),(65,64),(199,79),(294,61),(195,121),(145,61),(248,55),(30,103),(114,67),(274,82),(23,15),(139,58),(40,104),(195,100),(52,79),(254,94),(9,60),(223,82),(94,70),(94,102),(49,9),(171,95),(251,28),(264,109),(271,10),(272,54),(10,112),(281,102),(216,106),(169,70),(149,89),(295,3),(110,94),(126,70),(266,16),(78,40),(180,58),(309,44),
196:(199,94),(129,34),(248,109),(23,55),(211,28),(26,49),(299,40),(208,31),(216,106),(175,49),(294,4),(262,82),(304,75),(64,64),(200,79),(294,61),(196,121),(145,61),(248,55),(30,103),(113,67),(274,82),(23,15),(138,58),(39,104),(196,100),(52,79),(254,94),(9,60),(224,82),(94,70),(94,103),(49,9),(171,95),(251,28),(265,109),(271,10),(272,54),(10,112),(281,102),(217,106),(168,70),(149,90),(295,3),(110,94),(125,70),(266,16),(77,40),(181,58),(309,44),
197:(199,94),(129,34),(248,110),(22,55),(211,28),(26,49),(300,40),(209,31),(217,106),(175,49),(294,4),(262,82),(304,75),(63,64),(201,79),(294,61),(197,121),(145,61),(248,55),(30,103),(112,67),(274,82),(23,15),(138,59),(38,104),(196,100),(52,79),(254,94),(9,60),(225,82),(94,70),(94,104),(49,9),(171,95),(251,28),(266,109),(271,10),(272,54),(10,112),(281,102),(218,106),(167,70),(149,91),(295,3),(110,94),(124,70),(266,16),(76,40),(182,58),(309,44),
198:(199,94),(129,34),(248,111),(21,55),(211,28),(26,49),(300,39),(210,31),(218,106),(175,49),(294,4),(262,82),(304,75),(62,64),(202,79),(294,61),(198,121),(145,61),(248,55),(30,103),(111,67),(274,82),(23,15),(138,60),(37,104),(196,100),(52,79),(254,94),(9,60),(226,82),(94,70),(94,105),(49,9),(171,95),(251,28),(267,109),(271,10),(272,54),(10,112),(281,102),(219,106),(166,70),(150,91),(295,3),(110,94),(123,70),(266,16),(75,40),(183,58),(309,44),
199:(199,94),(129,34),(248,112),(21,56),(211,28),(26,49),(300,38),(211,31),(219,106),(175,49),(294,4),(262,82),(304,75),(61,64),(203,79),(294,61),(199,121),(145,61),(248,55),(30,103),(110,67),(274,82),(23,15),(138,61),(36,104),(196,100),(52,79),(254,94),(9,60),(227,82),(94,70),(94,106),(49,9),(171,95),(251,28),(268,109),(271,10),(272,54),(10,112),(281,102),(220,106),(165,70),(151,91),(295,3),(110,94),(122,70),(266,16),(74,40),(184,58),(309,44),
200:(199,94),(129,34),(249,112),(21,57),(211,28),(26,49),(300,37),(212,31),(220,106),(175,49),(294,4),(262,82),(304,75),(60,64),(204,79),(294,61),(200,121),(145,61),(248,55),(30,103),(109,67),(274,82),(23,15),(137,61),(35,104),(196,100),(52,79),(254,94),(9,60),(228,82),(94,70),(94,107),(49,9),(171,95),(251,28),(269,109),(271,10),(272,54),(10,112),(281,102),(221,106),(164,70),(152,91),(295,3),(110,94),(121,70),(266,16),(73,40),(185,58),(309,44),
201:(199,94),(129,34),(250,112),(20,57),(211,28),(26,49),(301,37),(213,31),(221,106),(175,49),(294,4),(262,82),(304,75),(59,64),(205,79),(294,61),(201,121),(145,61),(248,55),(30,103),(108,67),(274,82),(23,15),(136,61),(34,104),(196,100),(52,79),(254,94),(9,60),(229,82),(94,70),(94,108),(49,9),(171,95),(251,28),(270,109),(271,10),(272,54),(10,112),(281,102),(222,106),(163,70),(153,91),(295,3),(110,94),(120,70),(266,16),(72,40),(186,58),(309,44),
202:(199,94),(129,34),(251,112),(19,57),(211,28),(26,49),(301,36),(214,31),(222,106),(175,49),(294,4),(262,82),(304,75),(58,64),(206,79),(294,61),(202,121),(145,61),(248,55),(30,103),(107,67),(274,82),(23,15),(135,61),(33,104),(196,100),(52,79),(254,94),(9,60),(230,82),(94,70),(94,109),(49,9),(171,95),(251,28),(271,109),(271,10),(272,54),(10,112),(281,102),(223,106),(162,70),(154,91),(295,3),(110,94),(119,70),(266,16),(71,40),(187,58),(309,44),
203:(199,94),(129,34),(252,112),(19,58),(211,28),(26,49),(301,35),(215,31),(223,106),(175,49),(294,4),(262,82),(304,75),(57,64),(207,79),(294,61),(203,121),(145,61),(248,55),(30,103),(106,67),(274,82),(23,15),(134,61),(33,104),(196,100),(52,79),(254,94),(9,60),(231,82),(94,70),(94,110),(49,9),(171,95),(251,28),(272,109),(271,10),(272,54),(10,112),(281,102),(224,106),(161,70),(155,91),(295,3),(110,94),(118,70),(266,16),(70,40),(188,58),(309,44),
204:(199,94),(129,34),(253,112),(19,59),(211,28),(26,49),(301,34),(216,31),(224,106),(175,49),(294,4),(262,82),(304,75),(56,64),(208,79),(294,61),(204,121),(145,61),(248,55),(30,103),(105,67),(274,82),(23,15),(133,61),(33,104),(196,100),(52,79),(254,94),(9,60),(232,82),(94,70),(94,111),(49,9),(171,95),(251,28),(273,109),(271,10),(272,54),(10,112),(281,102),(225,106),(160,70),(156,91),(295,3),(110,94),(117,70),(266,16),(69,40),(189,58),(309,44),
205:(199,94),(129,34),(254,112),(19,60),(211,28),(26,49),(302,34),(217,31),(225,106),(175,49),(294,4),(262,82),(304,75),(55,64),(209,79),(294,61),(205,121),(145,61),(248,55),(30,103),(104,67),(274,82),(23,15),(132,61),(33,104),(196,100),(52,79),(254,94),(9,60),(233,82),(94,70),(94,111),(49,9),(171,95),(251,28),(274,109),(271,10),(272,54),(10,112),(281,102),(226,106),(159,70),(157,91),(295,3),(110,94),(116,70),(266,16),(68,40),(190,58),(309,44),
206:(199,94),(129,34),(255,112),(18,60),(211,28),(26,49),(302,33),(218,31),(226,106),(175,49),(294,4),(262,82),(304,75),(54,64),(210,79),(294,61),(206,121),(145,61),(248,55),(30,103),(103,67),(274,82),(23,15),(131,61),(33,104),(196,100),(52,79),(254,94),(9,60),(234,82),(94,70),(94,111),(49,9),(171,95),(251,28),(275,109),(271,10),(272,54),(10,112),(281,102),(226,105),(158,70),(158,91),(295,3),(110,94),(116,69),(266,16),(67,40),(191,58),(309,44),
207:(199,94),(129,34),(256,112),(18,61),(211,28),(26,49),(302,32),(219,31),(227,106),(175,49),(294,4),(262,82),(304,75),(53,64),(211,79),(294,61),(207,121),(145,61),(248,55),(30,103),(102,67),(274,82),(23,15),(130,61),(33,104),(196,100),(52,79),(254,94),(9,60),(235,82),(94,70),(94,111),(49,9),(171,95),(251,28),(276,109),(271,10),(272,54),(10,112),(281,102),(226,106),(157,70),(159,91),(295,3),(110,94),(116,68),(266,16),(66,40),(192,58),(309,44),
208:(199,94),(129,34),(257,112),(18,62),(211,28),(26,49),(303,32),(220,31),(228,106),(175,49),(294,4),(262,82),(304,75),(52,64),(212,79),(294,61),(208,121),(145,61),(248,55),(30,103),(101,67),(274,82),(23,15),(129,61),(33,104),(196,100),(52,79),(254,94),(9,60),(236,82),(94,70),(94,111),(49,9),(171,95),(251,28),(277,109),(271,10),(272,54),(10,112),(281,102),(225,106),(156,70),(160,91),(295,3),(110,94),(116,67),(266,16),(65,40),(193,58),(309,44),
209:(199,94),(129,34),(258,112),(18,63),(211,28),(26,49),(303,31),(221,31),(229,106),(175,49),(294,4),(262,82),(304,75),(51,64),(213,79),(294,61),(209,121),(145,61),(248,55),(30,103),(100,67),(274,82),(23,15),(128,61),(33,104),(196,100),(52,79),(254,94),(9,60),(237,82),(94,70),(94,111),(49,9),(171,95),(251,28),(278,109),(271,10),(272,54),(10,112),(281,102),(224,106),(155,70),(160,92),(295,3),(110,94),(115,67),(266,16),(64,40),(194,58),(309,44),
210:(199,94),(129,34),(259,112),(18,64),(211,28),(26,49),(303,30),(222,31),(230,106),(175,49),(294,4),(262,82),(304,75),(50,64),(214,79),(294,61),(210,121),(145,61),(248,55),(30,103),(99,67),(274,82),(23,15),(127,61),(33,104),(196,100),(52,79),(254,94),(9,60),(238,82),(94,70),(94,111),(49,9),(171,95),(251,28),(279,109),(271,10),(272,54),(10,112),(281,102),(223,106),(154,70),(160,93),(295,3),(110,94),(114,67),(266,16),(63,40),(195,58),(309,44),
211:(199,94),(129,34),(260,112),(18,65),(211,28),(26,49),(304,30),(223,31),(231,106),(175,49),(294,4),(262,82),(304,75),(49,64),(215,79),(294,61),(211,121),(145,61),(248,55),(30,103),(98,67),(274,82),(23,15),(127,62),(33,104),(196,100),(52,79),(254,94),(9,60),(239,82),(94,70),(94,111),(49,9),(171,95),(251,28),(280,109),(271,10),(272,54),(10,112),(281,102),(222,106),(153,70),(160,94),(295,3),(110,94),(113,67),(266,16),(62,40),(196,58),(309,44),
212:(199,94),(129,34),(261,112),(17,65),(211,28),(26,49),(304,29),(224,31),(232,106),(175,49),(294,4),(262,82),(304,75),(48,64),(216,79),(294,61),(212,121),(145,61),(248,55),(30,103),(97,67),(274,82),(23,15),(127,63),(33,104),(196,100),(52,79),(254,94),(9,60),(240,82),(94,70),(94,111),(49,9),(171,95),(251,28),(281,109),(271,10),(272,54),(10,112),(281,102),(221,106),(152,70),(160,95),(295,3),(110,94),(112,67),(266,16),(61,40),(197,58),(309,44),
213:(199,94),(129,34),(262,112),(17,66),(211,28),(26,49),(304,28),(225,31),(233,106),(175,49),(294,4),(262,82),(304,75),(48,63),(217,79),(294,61),(213,121),(145,61),(248,55),(30,103),(96,67),(274,82),(23,15),(127,64),(33,104),(196,100),(52,79),(254,94),(9,60),(241,82),(94,70),(94,111),(49,9),(171,95),(251,28),(282,109),(271,10),(272,54),(10,112),(281,102),(220,106),(151,70),(160,96),(295,3),(110,94),(111,67),(266,16),(60,40),(198,58),(309,44),
214:(199,94),(129,34),(263,112),(16,66),(211,28),(26,49),(304,27),(226,31),(234,106),(175,49),(294,4),(262,82),(304,75),(47,63),(218,79),(294,61),(214,121),(145,61),(248,55),(30,103),(95,67),(274,82),(23,15),(127,65),(33,104),(196,100),(52,79),(254,94),(9,60),(242,82),(94,70),(94,111),(49,9),(171,95),(251,28),(283,109),(271,10),(272,54),(10,112),(281,102),(219,106),(150,70),(160,97),(295,3),(110,94),(110,67),(266,16),(59,40),(199,58),(309,44),
215:(199,94),(129,34),(264,112),(15,66),(211,28),(26,49),(305,27),(227,31),(235,106),(175,49),(294,4),(262,82),(304,75),(46,63),(219,79),(294,61),(215,121),(145,61),(248,55),(30,103),(94,67),(274,82),(23,15),(127,66),(33,104),(196,100),(52,79),(254,94),(9,60),(243,82),(94,70),(94,111),(49,9),(171,95),(251,28),(284,109),(271,10),(272,54),(10,112),(281,102),(218,106),(149,70),(161,97),(295,3),(110,94),(109,67),(266,16),(58,40),(200,58),(309,44),
216:(199,94),(129,34),(265,112),(14,66),(211,28),(26,49),(306,27),(228,31),(236,106),(175,49),(294,4),(262,82),(304,75),(45,63),(220,79),(294,61),(216,121),(145,61),(248,55),(30,103),(93,67),(274,82),(23,15),(127,67),(33,104),(196,100),(52,79),(254,94),(9,60),(244,82),(94,70),(94,111),(49,9),(171,95),(251,28),(285,109),(271,10),(272,54),(10,112),(281,102),(217,106),(148,70),(162,97),(295,3),(110,94),(108,67),(266,16),(57,40),(201,58),(309,44),
217:(199,94),(129,34),(266,112),(14,67),(211,28),(26,49),(307,27),(229,31),(237,106),(175,49),(294,4),(262,82),(304,75),(44,63),(221,79),(294,61),(217,121),(145,61),(248,55),(30,103),(92,67),(274,82),(23,15),(126,67),(33,104),(196,100),(52,79),(254,94),(9,60),(245,82),(94,70),(94,111),(49,9),(171,95),(251,28),(286,109),(271,10),(272,54),(10,112),(281,102),(216,106),(147,70),(163,97),(295,3),(110,94),(107,67),(266,16),(56,40),(202,58),(309,44),
218:(199,94),(129,34),(267,112),(14,68),(211,28),(26,49),(308,27),(230,31),(238,106),(175,49),(294,4),(262,82),(304,75),(44,62),(222,79),(294,61),(218,121),(145,61),(248,55),(30,103),(91,67),(274,82),(23,15),(125,67),(33,104),(196,100),(52,79),(254,94),(9,60),(246,82),(94,70),(94,111),(49,9),(171,95),(251,28),(287,109),(271,10),(272,54),(10,112),(281,102),(215,106),(146,70),(164,97),(295,3),(110,94),(106,67),(266,16),(55,40),(203,58),(309,44),
219:(199,94),(129,34),(268,112),(14,69),(211,28),(26,49),(308,26),(231,31),(239,106),(175,49),(294,4),(262,82),(304,75),(44,61),(223,79),(294,61),(219,121),(145,61),(248,55),(30,103),(90,67),(274,82),(23,15),(124,67),(33,104),(196,100),(52,79),(254,94),(9,60),(247,82),(94,70),(94,111),(49,9),(171,95),(251,28),(288,109),(271,10),(272,54),(10,112),(281,102),(214,106),(145,70),(165,97),(295,3),(110,94),(105,67),(266,16),(54,40),(204,58),(309,44),
220:(199,94),(129,34),(269,112),(14,70),(211,28),(26,49),(308,25),(232,31),(240,106),(175,49),(294,4),(262,82),(304,75),(43,61),(224,79),(294,61),(220,121),(145,61),(248,55),(30,103),(89,67),(274,82),(23,15),(123,67),(33,104),(196,100),(52,79),(254,94),(9,60),(248,82),(94,70),(94,111),(49,9),(171,95),(251,28),(289,109),(271,10),(272,54),(10,112),(281,102),(213,106),(144,70),(166,97),(295,3),(110,94),(105,66),(266,16),(53,40),(205,58),(309,44),
221:(199,94),(129,34),(270,112),(14,71),(211,28),(26,49),(308,24),(233,31),(241,106),(175,49),(294,4),(262,82),(304,75),(43,60),(225,79),(294,61),(221,121),(145,61),(248,55),(30,103),(88,67),(274,82),(23,15),(122,67),(33,104),(196,100),(52,79),(254,94),(9,60),(249,82),(94,70),(94,111),(49,9),(171,95),(251,28),(290,109),(271,10),(272,54),(10,112),(281,102),(212,106),(143,70),(167,97),(295,3),(110,94),(105,65),(266,16),(52,40),(206,58),(309,44),
222:(199,94),(129,34),(270,113),(13,71),(211,28),(26,49),(308,23),(234,31),(242,106),(175,49),(294,4),(262,82),(304,75),(43,59),(226,79),(294,61),(222,121),(145,61),(248,55),(30,103),(87,67),(274,82),(23,15),(121,67),(33,104),(196,100),(52,79),(254,94),(9,60),(250,82),(94,70),(94,111),(49,9),(171,95),(251,28),(291,109),(271,10),(272,54),(10,112),(281,102),(211,106),(142,70),(168,97),(295,3),(110,94),(105,64),(266,16),(51,40),(207,58),(309,44),
223:(199,94),(129,34),(271,113),(13,72),(211,28),(26,49),(308,22),(235,31),(243,106),(175,49),(294,4),(262,82),(304,75),(42,59),(227,79),(294,61),(223,121),(145,61),(248,55),(30,103),(86,67),(274,82),(23,15),(120,67),(33,104),(196,100),(52,79),(254,94),(9,60),(251,82),(94,70),(94,111),(49,9),(171,95),(251,28),(292,109),(271,10),(272,54),(10,112),(281,102),(210,106),(141,70),(169,97),(295,3),(110,94),(105,63),(266,16),(50,40),(208,58),(309,44),
224:(199,94),(129,34),(272,113),(12,72),(211,28),(26,49),(308,22),(236,31),(244,106),(175,49),(294,4),(262,82),(304,75),(41,59),(228,79),(294,61),(224,121),(145,61),(248,55),(30,103),(85,67),(274,82),(23,15),(119,67),(33,104),(196,100),(52,79),(254,94),(9,60),(252,82),(94,70),(94,111),(49,9),(171,95),(251,28),(293,109),(271,10),(272,54),(10,112),(281,102),(209,106),(140,70),(170,97),(295,3),(110,94),(105,62),(266,16),(49,40),(209,58),(309,44),
225:(199,94),(129,34),(272,114),(11,72),(211,28),(26,49),(308,22),(237,31),(245,106),(175,49),(294,4),(262,82),(304,75),(41,58),(229,79),(294,61),(225,121),(145,61),(248,55),(30,103),(84,67),(274,82),(23,15),(118,67),(33,104),(196,100),(52,79),(254,94),(9,60),(253,82),(94,70),(94,111),(49,9),(171,95),(251,28),(294,109),(271,10),(272,54),(10,112),(281,102),(208,106),(139,70),(171,97),(295,3),(110,94),(105,61),(266,16),(48,40),(209,58),(309,44),
226:(199,94),(129,34),(272,115),(11,73),(211,28),(26,49),(308,22),(238,31),(246,106),(175,49),(294,4),(262,82),(304,75),(41,57),(230,79),(294,61),(226,121),(145,61),(248,55),(30,103),(83,67),(274,82),(23,15),(117,67),(33,104),(196,100),(52,79),(254,94),(9,60),(254,82),(94,70),(94,111),(49,9),(171,95),(251,28),(295,109),(271,10),(272,54),(10,112),(281,102),(207,106),(138,70),(171,98),(295,3),(110,94),(105,60),(266,16),(47,40),(209,58),(309,44),
227:(199,94),(129,34),(273,115),(10,73),(211,28),(26,49),(308,22),(239,31),(247,106),(175,49),(294,4),(262,82),(304,75),(40,57),(231,79),(294,61),(227,121),(145,61),(248,55),(30,103),(82,67),(274,82),(23,15),(116,67),(33,104),(196,100),(52,79),(254,94),(9,60),(255,82),(94,70),(94,111),(49,9),(171,95),(251,28),(296,109),(271,10),(272,54),(10,112),(281,102),(206,106),(137,70),(171,99),(295,3),(110,94),(105,59),(266,16),(46,40),(209,58),(309,44),
228:(199,94),(129,34),(273,116),(9,73),(211,28),(26,49),(308,22),(240,31),(248,106),(175,49),(294,4),(262,82),(304,75),(39,57),(232,79),(294,61),(228,121),(145,61),(248,55),(30,103),(81,67),(274,82),(23,15),(115,67),(33,104),(196,100),(52,79),(254,94),(9,60),(256,82),(94,70),(94,111),(49,9),(171,95),(251,28),(297,109),(271,10),(272,54),(10,112),(281,102),(205,106),(136,70),(171,100),(295,3),(110,94),(105,58),(266,16),(45,40),(209,58),(309,44),
229:(199,94),(129,34),(273,117),(9,74),(211,28),(26,49),(308,22),(241,31),(249,106),(175,49),(294,4),(262,82),(304,75),(38,57),(233,79),(294,61),(229,121),(145,61),(248,55),(30,103),(80,67),(274,82),(23,15),(114,67),(33,104),(196,100),(52,79),(254,94),(9,60),(257,82),(94,70),(94,111),(49,9),(171,95),(251,28),(298,109),(271,10),(272,54),(10,112),(281,102),(204,106),(135,70),(172,100),(295,3),(110,94),(105,57),(266,16),(44,40),(209,58),(309,44),
230:(199,94),(129,34),(273,118),(8,74),(211,28),(26,49),(308,22),(242,31),(250,106),(175,49),(294,4),(262,82),(304,75),(38,56),(234,79),(294,61),(230,121),(145,61),(248,55),(30,103),(79,67),(274,82),(23,15),(113,67),(33,104),(196,100),(52,79),(254,94),(9,60),(258,82),(94,70),(94,111),(49,9),(171,95),(251,28),(299,109),(271,10),(272,54),(10,112),(281,102),(203,106),(134,70),(173,100),(295,3),(110,94),(105,56),(266,16),(43,40),(209,58),(309,44),
231:(199,94),(129,34),(273,119),(8,75),(211,28),(26,49),(308,22),(243,31),(251,106),(175,49),(294,4),(262,82),(304,75),(38,55),(235,79),(294,61),(231,121),(145,61),(248,55),(30,103),(78,67),(274,82),(23,15),(112,67),(33,104),(196,100),(52,79),(254,94),(9,60),(259,82),(94,70),(94,111),(49,9),(171,95),(251,28),(300,109),(271,10),(272,54),(10,112),(281,102),(203,106),(133,70),(174,100),(295,3),(110,94),(105,55),(266,16),(42,40),(209,58),(309,44),
232:(199,94),(129,34),(274,119),(8,76),(211,28),(26,49),(308,22),(244,31),(252,106),(175,49),(294,4),(262,82),(304,75),(37,55),(236,79),(294,61),(232,121),(145,61),(248,55),(30,103),(77,67),(274,82),(23,15),(111,67),(33,104),(196,100),(52,79),(254,94),(9,60),(260,82),(94,70),(94,111),(49,9),(171,95),(251,28),(301,109),(271,10),(272,54),(10,112),(281,102),(203,106),(132,70),(175,100),(295,3),(110,94),(105,54),(266,16),(41,40),(209,58),(309,44),
233:(199,94),(129,34),(274,120),(8,77),(211,28),(26,49),(308,22),(245,31),(253,106),(175,49),(294,4),(262,82),(304,75),(36,55),(237,79),(294,61),(233,121),(145,61),(248,55),(30,103),(76,67),(274,82),(23,15),(110,67),(33,104),(196,100),(52,79),(254,94),(9,60),(261,82),(94,70),(94,111),(49,9),(171,95),(251,28),(302,109),(271,10),(272,54),(10,112),(281,102),(203,106),(131,70),(176,100),(295,3),(110,94),(105,53),(266,16),(40,40),(209,58),(309,44),
234:(199,94),(129,34),(274,121),(8,78),(211,28),(26,49),(308,22),(246,31),(254,106),(175,49),(294,4),(263,82),(304,75),(36,54),(238,79),(294,61),(234,121),(145,61),(248,55),(30,103),(75,67),(274,82),(23,15),(109,67),(33,104),(196,100),(52,79),(254,94),(9,60),(262,82),(94,70),(94,111),(49,9),(171,95),(251,28),(303,109),(271,10),(272,54),(10,112),(281,102),(203,106),(130,70),(177,100),(295,3),(110,94),(105,52),(266,16),(39,40),(209,58),(309,44),
235:(199,94),(129,34),(275,121),(8,79),(211,28),(26,49),(308,22),(247,31),(255,106),(175,49),(294,4),(264,82),(304,75),(36,53),(239,79),(294,61),(235,121),(145,61),(248,55),(30,103),(74,67),(274,82),(23,15),(108,67),(33,104),(196,100),(52,79),(254,94),(9,60),(263,82),(94,70),(94,111),(49,9),(171,95),(251,28),(304,109),(271,10),(272,54),(10,112),(281,102),(203,106),(129,70),(178,100),(295,3),(110,94),(105,51),(266,16),(38,40),(209,58),(309,44),
236:(199,94),(129,34),(276,121),(8,80),(211,28),(26,49),(308,22),(248,31),(256,106),(175,49),(294,4),(265,82),(304,75),(35,53),(240,79),(294,61),(236,121),(145,61),(248,55),(30,103),(73,67),(274,82),(23,15),(107,67),(33,104),(196,100),(52,79),(254,94),(9,60),(264,82),(94,70),(94,111),(49,9),(171,95),(251,28),(305,109),(271,10),(272,54),(10,112),(281,102),(203,106),(128,70),(179,100),(295,3),(110,94),(105,50),(266,16),(37,40),(209,58),(309,44),
237:(199,94),(129,34),(277,121),(8,81),(211,28),(26,49),(308,22),(249,31),(257,106),(175,49),(294,4),(266,82),(304,75),(34,53),(241,79),(294,61),(237,121),(145,61),(248,55),(30,103),(72,67),(274,82),(23,15),(106,67),(33,104),(196,100),(52,79),(254,94),(9,60),(265,82),(94,70),(94,111),(49,9),(171,95),(251,28),(306,109),(271,10),(272,54),(10,112),(281,102),(203,106),(127,70),(180,100),(295,3),(110,94),(105,49),(266,16),(36,40),(209,58),(309,44),
238:(199,94),(129,34),(278,121),(8,82),(211,28),(26,49),(308,22),(250,31),(258,106),(175,49),(294,4),(267,82),(304,75),(34,52),(242,79),(294,61),(238,121),(145,61),(248,55),(30,103),(71,67),(274,82),(23,15),(105,67),(33,104),(196,100),(52,79),(254,94),(9,60),(266,82),(94,70),(94,111),(49,9),(171,95),(251,28),(307,109),(271,10),(272,54),(10,112),(281,102),(203,106),(126,70),(181,100),(295,3),(110,94),(105,48),(266,16),(35,40),(209,58),(309,44),
239:(199,94),(129,34),(279,121),(8,83),(211,28),(26,49),(308,22),(251,31),(259,106),(175,49),(294,4),(268,82),(304,75),(33,52),(243,79),(294,61),(239,121),(145,61),(248,55),(30,103),(70,67),(274,82),(23,15),(104,67),(33,104),(196,100),(52,79),(254,94),(9,60),(267,82),(94,70),(94,111),(49,9),(171,95),(251,28),(308,109),(271,10),(272,54),(10,112),(281,102),(203,106),(125,70),(182,100),(295,3),(110,94),(105,47),(266,16),(34,40),(209,58),(309,44),
240:(199,94),(129,34),(280,121),(8,84),(211,28),(26,49),(308,22),(252,31),(260,106),(175,49),(294,4),(269,82),(304,75),(32,52),(244,79),(294,61),(240,121),(145,61),(248,55),(30,103),(69,67),(274,82),(23,15),(103,67),(33,104),(196,100),(52,79),(254,94),(9,60),(268,82),(94,70),(94,111),(49,9),(171,95),(251,28),(309,109),(271,10),(272,54),(10,112),(281,102),(203,106),(124,70),(182,101),(295,3),(110,94),(105,46),(266,16),(33,40),(209,58),(309,44),
241:(199,94),(129,34),(281,121),(8,85),(211,28),(26,49),(308,22),(253,31),(261,106),(175,49),(294,4),(270,82),(304,75),(32,51),(245,79),(294,61),(241,121),(145,61),(248,55),(30,103),(68,67),(274,82),(23,15),(102,67),(33,104),(196,100),(52,79),(254,94),(9,60),(269,82),(94,70),(94,111),(49,9),(171,95),(251,28),(310,109),(271,10),(272,54),(10,112),(281,102),(203,106),(123,70),(182,102),(295,3),(110,94),(105,45),(266,16),(32,40),(209,58),(309,44),
242:(199,94),(129,34),(282,121),(8,86),(211,28),(26,49),(308,22),(254,31),(262,106),(175,49),(294,4),(271,82),(304,75),(31,51),(246,79),(294,61),(242,121),(145,61),(248,55),(30,103),(67,67),(274,82),(23,15),(101,67),(33,104),(196,100),(52,79),(254,94),(9,60),(270,82),(94,70),(94,111),(49,9),(171,95),(251,28),(311,109),(271,10),(272,54),(10,112),(281,102),(203,106),(122,70),(182,103),(295,3),(110,94),(105,44),(266,16),(31,40),(209,58),(309,44),
243:(199,94),(129,34),(283,121),(8,87),(211,28),(26,49),(308,22),(255,31),(263,106),(175,49),(294,4),(270,82),(304,75),(31,50),(247,79),(294,61),(243,121),(145,61),(248,55),(30,103),(66,67),(274,82),(23,15),(100,67),(33,104),(196,100),(52,79),(254,94),(9,60),(270,83),(94,70),(94,111),(49,9),(171,95),(251,28),(312,109),(271,10),(272,54),(10,112),(281,102),(203,106),(121,70),(183,103),(295,3),(110,94),(105,43),(266,16),(30,40),(209,58),(309,44),
244:(199,94),(129,34),(284,121),(8,88),(211,28),(26,49),(308,22),(256,31),(264,106),(175,49),(294,4),(269,82),(304,75),(30,50),(248,79),(294,61),(244,121),(145,61),(248,55),(30,103),(65,67),(274,82),(23,15),(99,67),(33,104),(196,100),(52,79),(254,94),(9,60),(271,83),(94,70),(94,111),(49,9),(171,95),(251,28),(313,109),(271,10),(272,54),(10,112),(281,102),(203,106),(120,70),(184,103),(295,3),(110,94),(105,42),(266,16),(29,40),(209,58),(309,44),
245:(199,94),(129,34),(285,121),(8,89),(211,28),(26,49),(308,22),(257,31),(265,106),(175,49),(294,4),(268,82),(304,75),(29,50),(249,79),(294,61),(245,121),(145,61),(248,55),(30,103),(64,67),(274,82),(23,15),(98,67),(33,104),(196,100),(52,79),(254,94),(9,60),(271,84),(94,70),(94,111),(49,9),(171,95),(251,28),(314,109),(271,10),(272,54),(10,112),(281,102),(203,106),(119,70),(185,103),(295,3),(110,94),(105,41),(266,16),(28,40),(209,58),(309,44),
246:(199,94),(129,34),(286,121),(8,90),(211,28),(26,49),(308,22),(258,31),(266,106),(175,49),(294,4),(267,82),(304,75),(28,50),(250,79),(294,61),(246,121),(145,61),(248,55),(30,103),(63,67),(274,82),(23,15),(97,67),(33,104),(196,100),(52,79),(254,94),(9,60),(272,84),(94,70),(94,111),(49,9),(171,95),(251,28),(314,109),(271,10),(272,54),(10,112),(281,102),(203,106),(118,70),(186,103),(295,3),(110,94),(105,40),(266,16),(27,40),(209,58),(309,44),
247:(199,94),(129,34),(287,121),(8,91),(211,28),(26,49),(308,22),(259,31),(267,106),(175,49),(294,4),(266,82),(304,75),(27,50),(251,79),(294,61),(247,121),(145,61),(248,55),(30,103),(62,67),(274,82),(23,15),(96,67),(33,104),(196,100),(52,79),(254,94),(9,60),(273,84),(94,70),(94,111),(49,9),(171,95),(251,28),(314,109),(271,10),(272,54),(10,112),(281,102),(203,106),(117,70),(187,103),(295,3),(110,94),(105,39),(266,16),(26,40),(209,58),(309,44),
248:(199,94),(129,34),(288,121),(8,92),(211,28),(26,49),(308,22),(260,31),(268,106),(175,49),(294,4),(265,82),(304,75),(26,50),(252,79),(294,61),(248,121),(145,61),(248,55),(30,103),(61,67),(274,82),(23,15),(95,67),(33,104),(196,100),(52,79),(254,94),(9,60),(274,84),(94,70),(94,111),(49,9),(171,95),(251,28),(314,109),(271,10),(272,54),(10,112),(281,102),(203,106),(116,70),(188,103),(295,3),(110,94),(105,38),(266,16),(25,40),(209,58),(309,44),
249:(199,94),(129,34),(289,121),(8,93),(211,28),(25,49),(308,22),(261,31),(269,106),(175,49),(294,4),(264,82),(304,75),(26,49),(253,79),(294,61),(249,121),(145,61),(248,55),(30,103),(60,67),(274,82),(23,15),(94,67),(33,104),(196,100),(52,79),(254,94),(9,60),(275,84),(94,70),(94,111),(49,9),(171,95),(251,28),(314,109),(271,10),(272,54),(10,112),(281,102),(203,106),(115,70),(189,103),(295,3),(110,94),(105,37),(266,16),(24,40),(209,58),(309,44),
250:(199,94),(129,34),(290,121),(8,94),(211,28),(26,49),(308,22),(262,31),(270,106),(175,49),(294,4),(263,82),(304,75),(26,48),(254,79),(294,61),(250,121),(145,61),(248,55),(30,103),(59,67),(274,82),(23,15),(93,67),(33,104),(196,100),(52,79),(254,94),(9,60),(276,84),(94,70),(94,111),(49,9),(171,95),(251,28),(314,109),(271,10),(272,54),(10,112),(281,102),(203,106),(114,70),(190,103),(295,3),(110,94),(105,36),(266,16),(23,40),(209,58),(309,44),
251:(199,94),(129,34),(291,121),(8,95),(211,28),(26,49),(308,22),(263,31),(270,107),(175,49),(294,4),(262,82),(304,75),(25,48),(255,79),(294,61),(251,121),(145,61),(248,55),(30,103),(58,67),(274,82),(23,15),(92,67),(33,104),(196,100),(52,79),(254,94),(9,60),(277,84),(94,70),(94,111),(49,9),(171,95),(251,28),(314,109),(271,10),(272,54),(10,112),(281,102),(203,106),(113,70),(191,103),(295,3),(110,94),(105,35),(266,16),(22,40),(209,58),(309,44),
252:(199,94),(129,34),(292,121),(8,95),(211,28),(26,49),(308,22),(264,31),(271,107),(175,49),(294,4),(262,82),(304,75),(24,48),(256,79),(294,61),(252,121),(145,61),(248,55),(30,103),(57,67),(274,82),(23,15),(91,67),(33,104),(196,100),(52,79),(254,94),(9,60),(278,84),(94,70),(94,111),(49,9),(171,95),(251,28),(314,109),(271,10),(272,54),(10,112),(281,102),(203,106),(112,70),(192,103),(295,3),(110,94),(105,34),(266,16),(21,40),(209,58),(309,44),
253:(199,94),(129,34),(293,121),(8,95),(211,28),(26,49),(308,22),(265,31),(272,107),(175,49),(294,4),(262,82),(304,75),(24,47),(257,79),(294,61),(253,121),(145,61),(248,55),(30,103),(56,67),(274,82),(23,15),(90,67),(33,104),(196,100),(52,79),(254,94),(9,60),(279,84),(94,70),(94,111),(49,9),(171,95),(251,28),(314,109),(271,10),(272,54),(10,112),(281,102),(203,106),(111,70),(193,103),(295,3),(110,94),(105,33),(266,16),(20,40),(209,58),(309,44),
254:(199,94),(129,34),(294,121),(8,95),(211,28),(26,49),(308,22),(266,31),(273,107),(175,49),(294,4),(262,82),(304,75),(23,47),(258,79),(294,61),(254,121),(145,61),(248,55),(30,103),(55,67),(274,82),(23,15),(89,67),(33,104),(196,100),(52,79),(254,94),(9,60),(280,84),(94,70),(94,111),(49,9),(171,95),(251,28),(314,109),(271,10),(272,54),(10,112),(281,102),(203,106),(110,70),(193,104),(295,3),(110,94),(105,32),(266,16),(19,40),(209,58),(309,44),
255:(199,94),(129,34),(295,121),(8,95),(211,28),(26,49),(308,22),(267,31),(274,107),(175,49),(294,4),(262,82),(304,75),(23,46),(259,79),(294,61),(255,121),(145,61),(248,55),(30,103),(54,67),(274,82),(23,15),(88,67),(33,104),(196,100),(52,79),(254,94),(9,60),(281,84),(94,70),(94,111),(49,9),(171,95),(251,28),(314,109),(271,10),(272,54),(10,112),(281,102),(203,106),(109,70),(193,105),(295,3),(110,94),(105,31),(266,16),(18,40),(209,58),(309,44),
256:(199,94),(129,34),(296,121),(8,95),(211,28),(26,49),(308,22),(268,31),(275,107),(175,49),(294,4),(262,82),(304,75),(23,45),(260,79),(294,61),(255,121),(145,61),(248,55),(30,103),(53,67),(274,82),(23,15),(87,67),(33,104),(196,100),(52,79),(254,94),(9,60),(282,84),(94,70),(94,111),(49,9),(171,95),(251,28),(314,109),(271,10),(272,54),(10,112),(281,102),(203,106),(108,70),(193,106),(295,3),(110,94),(105,30),(266,16),(18,40),(209,58),(309,44),
257:(199,94),(129,34),(297,121),(8,95),(211,28),(26,49),(308,22),(269,31),(276,107),(175,49),(294,4),(262,82),(304,75),(22,45),(261,79),(294,61),(255,121),(145,61),(248,55),(30,103),(52,67),(274,82),(23,15),(86,67),(33,104),(196,100),(52,79),(254,94),(9,60),(283,84),(94,70),(94,111),(49,9),(171,95),(251,28),(314,109),(271,10),(272,54),(10,112),(281,102),(203,106),(107,70),(194,106),(295,3),(110,94),(105,29),(266,16),(18,40),(209,58),(309,44),
258:(199,94),(129,34),(298,121),(8,95),(211,28),(26,49),(308,22),(270,31),(277,107),(175,49),(294,4),(262,82),(304,75),(22,44),(262,79),(294,61),(255,121),(145,61),(248,55),(30,103),(51,67),(274,82),(23,15),(85,67),(33,104),(196,100),(52,79),(254,94),(9,60),(284,84),(94,70),(94,111),(49,9),(171,95),(251,28),(314,109),(271,10),(272,54),(10,112),(281,102),(203,106),(106,70),(195,106),(295,3),(110,94),(105,28),(266,16),(18,40),(209,58),(309,44),
259:(199,94),(129,34),(299,121),(8,95),(211,28),(26,49),(308,22),(270,32),(278,107),(175,49),(294,4),(262,82),(304,75),(22,43),(263,79),(294,61),(255,121),(145,61),(248,55),(30,103),(50,67),(274,82),(23,15),(84,67),(33,104),(196,100),(52,79),(254,94),(9,60),(285,84),(94,70),(94,111),(49,9),(171,95),(251,28),(314,109),(271,10),(272,54),(10,112),(281,102),(203,106),(105,70),(196,106),(295,3),(110,94),(105,27),(266,16),(18,40),(209,58),(309,44),
260:(199,94),(129,34),(300,121),(8,95),(211,28),(26,49),(308,22),(271,32),(279,107),(175,49),(294,4),(262,82),(304,75),(21,43),(264,79),(294,61),(255,121),(145,61),(248,55),(30,103),(49,67),(274,82),(23,15),(83,67),(33,104),(196,100),(52,79),(254,94),(9,60),(286,84),(94,70),(94,111),(49,9),(171,95),(251,28),(314,109),(271,10),(272,54),(10,112),(281,102),(203,106),(104,70),(197,106),(295,3),(110,94),(105,26),(266,16),(18,40),(209,58),(309,44),
261:(199,94),(129,34),(301,121),(8,95),(211,28),(26,49),(308,22),(272,32),(280,107),(175,49),(294,4),(262,82),(304,75),(20,43),(265,79),(294,61),(255,121),(145,61),(248,55),(30,103),(48,67),(274,82),(23,15),(82,67),(33,104),(196,100),(52,79),(254,94),(9,60),(287,84),(94,70),(94,111),(49,9),(171,95),(251,28),(314,109),(271,10),(272,54),(10,112),(281,102),(203,106),(103,70),(198,106),(295,3),(110,94),(105,25),(266,16),(18,40),(209,58),(309,44),
262:(199,94),(129,34),(302,121),(8,95),(211,28),(26,49),(308,22),(273,32),(281,107),(175,49),(294,4),(262,82),(304,75),(20,42),(266,79),(294,61),(255,121),(145,61),(248,55),(30,103),(47,67),(274,82),(23,15),(81,67),(33,104),(196,100),(52,79),(254,94),(9,60),(288,84),(94,70),(94,111),(49,9),(171,95),(251,28),(314,109),(271,10),(272,54),(10,112),(281,102),(203,106),(102,70),(199,106),(295,3),(110,94),(104,25),(266,16),(18,40),(209,58),(309,44),
263:(199,94),(129,34),(303,121),(8,95),(211,28),(26,49),(308,22),(274,32),(282,107),(175,49),(294,4),(262,82),(304,75),(20,41),(267,79),(294,61),(255,121),(145,61),(248,55),(30,103),(47,68),(274,82),(23,15),(80,67),(33,104),(196,100),(52,79),(254,94),(9,60),(289,84),(94,70),(94,111),(49,9),(171,95),(251,28),(314,109),(271,10),(272,54),(10,112),(281,102),(203,106),(101,70),(200,106),(295,3),(110,94),(103,25),(266,16),(18,40),(209,58),(309,44),
264:(199,94),(129,34),(304,121),(8,95),(211,28),(26,49),(308,22),(275,32),(283,107),(175,49),(294,4),(262,82),(304,75),(19,41),(268,79),(294,61),(255,121),(145,61),(248,55),(30,103),(47,69),(274,82),(23,15),(79,67),(33,104),(196,100),(52,79),(254,94),(9,60),(290,84),(94,70),(94,111),(49,9),(171,95),(251,28),(314,109),(271,10),(272,54),(10,112),(281,102),(203,106),(100,70),(201,106),(295,3),(110,94),(102,25),(266,16),(18,40),(209,58),(309,44),
265:(199,94),(129,34),(305,121),(8,95),(211,28),(26,49),(308,22),(276,32),(284,107),(175,49),(294,4),(262,82),(304,75),(18,41),(269,79),(294,61),(255,121),(145,61),(248,55),(30,103),(46,69),(274,82),(23,15),(78,67),(33,104),(196,100),(52,79),(254,94),(9,60),(291,84),(94,70),(94,111),(49,9),(171,95),(251,28),(314,109),(271,10),(272,54),(10,112),(281,102),(203,106),(99,70),(202,106),(295,3),(110,94),(101,25),(266,16),(18,40),(209,58),(309,44),
266:(199,94),(129,34),(306,121),(8,95),(211,28),(26,49),(308,22),(277,32),(285,107),(175,49),(294,4),(262,82),(304,75),(18,40),(270,79),(294,61),(255,121),(145,61),(248,55),(30,103),(45,69),(274,82),(23,15),(77,67),(33,104),(196,100),(52,79),(254,94),(9,60),(292,84),(94,70),(94,111),(49,9),(171,95),(251,28),(314,109),(271,10),(272,54),(10,112),(281,102),(204,106),(98,70),(203,106),(295,3),(110,94),(100,25),(266,16),(19,40),(209,58),(309,44),
267:(199,94),(129,34),(307,121),(8,95),(211,28),(26,49),(308,22),(278,32),(286,107),(175,49),(294,4),(262,82),(304,75),(18,39),(271,79),(294,61),(255,121),(145,61),(248,55),(30,103),(44,69),(274,82),(23,15),(76,67),(33,104),(196,100),(52,79),(254,94),(9,60),(293,84),(94,70),(94,111),(49,9),(171,95),(251,28),(314,109),(271,10),(272,54),(10,112),(281,102),(204,105),(97,70),(204,106),(295,3),(110,94),(99,25),(266,16),(18,40),(209,58),(309,44),
268:(199,94),(129,34),(308,121),(8,95),(211,28),(26,49),(308,22),(279,32),(287,107),(175,49),(294,4),(262,82),(304,75),(18,38),(272,79),(294,61),(255,121),(145,61),(248,55),(30,103),(43,69),(274,82),(23,15),(75,67),(33,104),(196,100),(52,79),(254,94),(9,60),(294,84),(94,70),(94,111),(49,9),(171,95),(251,28),(314,109),(271,10),(272,54),(10,112),(281,102),(204,106),(96,70),(204,107),(295,3),(110,94),(98,25),(266,16),(18,40),(209,58),(309,44),
269:(199,94),(129,34),(309,121),(8,95),(211,28),(26,49),(308,22),(280,32),(288,107),(175,49),(294,4),(262,82),(304,75),(17,38),(273,79),(294,61),(255,121),(145,61),(248,55),(30,103),(42,69),(274,82),(23,15),(74,67),(33,104),(196,100),(52,79),(254,94),(9,60),(295,84),(94,70),(94,111),(49,9),(171,95),(251,28),(314,109),(271,10),(272,54),(10,112),(281,102),(203,106),(95,70),(204,108),(295,3),(110,94),(97,25),(266,16),(18,40),(209,58),(309,44),
270:(199,94),(129,34),(310,121),(8,95),(211,28),(26,49),(308,22),(281,32),(289,107),(175,49),(294,4),(262,82),(304,75),(17,37),(274,79),(294,61),(255,121),(145,61),(248,55),(30,103),(41,69),(274,82),(23,15),(73,67),(33,104),(196,100),(52,79),(254,94),(9,60),(296,84),(94,71),(94,111),(49,9),(171,95),(251,28),(314,109),(271,10),(272,54),(10,112),(281,102),(203,106),(94,70),(204,109),(295,3),(110,94),(97,25),(266,16),(18,40),(209,58),(309,44),
271:(199,94),(129,34),(311,121),(8,95),(211,28),(26,49),(308,22),(282,32),(290,107),(175,49),(294,4),(262,82),(304,75),(17,36),(275,79),(294,61),(255,121),(145,61),(248,55),(30,103),(40,69),(274,82),(23,15),(72,67),(33,104),(196,100),(52,79),(254,94),(9,60),(297,84),(94,70),(94,111),(49,9),(171,95),(251,28),(314,109),(271,10),(272,54),(10,112),(281,102),(203,106),(93,70),(205,109),(295,3),(110,94),(97,25),(266,16),(18,40),(209,58),(309,44),
272:(199,94),(129,34),(312,121),(8,95),(211,28),(26,49),(308,22),(283,32),(291,107),(175,49),(294,4),(262,82),(304,75),(17,35),(276,79),(294,61),(255,121),(145,61),(248,55),(30,103),(39,69),(274,82),(23,15),(71,67),(33,104),(196,100),(52,79),(254,94),(9,60),(298,84),(94,70),(94,111),(49,9),(171,95),(251,28),(314,109),(271,10),(272,54),(10,112),(281,102),(203,106),(92,70),(206,109),(295,3),(110,94),(97,25),(266,16),(18,40),(209,58),(309,44),
273:(199,94),(129,34),(312,121),(8,95),(211,28),(26,49),(308,22),(284,32),(292,107),(175,49),(294,4),(262,82),(304,75),(16,35),(277,79),(294,61),(255,121),(145,61),(248,55),(30,103),(38,69),(274,82),(23,15),(70,67),(33,104),(196,100),(52,79),(254,94),(9,60),(299,84),(94,70),(94,111),(49,9),(171,95),(251,28),(314,109),(271,10),(272,54),(10,112),(281,102),(203,106),(91,70),(207,109),(295,3),(110,94),(97,25),(266,16),(18,40),(209,58),(309,44),
274:(199,94),(129,34),(312,121),(8,95),(211,28),(26,49),(308,22),(285,32),(293,107),(175,49),(294,4),(262,82),(304,75),(16,34),(278,79),(294,61),(255,121),(145,61),(248,55),(30,103),(37,69),(274,82),(23,15),(69,67),(33,104),(196,100),(52,79),(254,94),(9,60),(300,84),(94,70),(94,111),(49,9),(171,95),(251,28),(314,109),(271,10),(272,54),(10,112),(281,102),(203,106),(90,70),(208,109),(295,3),(110,94),(97,25),(266,16),(18,40),(209,58),(309,44),
275:(199,94),(129,34),(312,121),(8,95),(211,28),(26,49),(308,22),(286,32),(294,107),(175,49),(294,4),(262,82),(304,75),(16,33),(279,79),(294,61),(255,121),(145,61),(248,55),(30,103),(36,69),(274,82),(23,15),(68,67),(33,104),(196,100),(52,79),(254,94),(9,60),(301,84),(94,70),(94,111),(49,9),(171,95),(251,28),(314,109),(271,10),(272,54),(10,112),(281,102),(203,106),(89,70),(209,109),(295,3),(110,94),(97,25),(266,16),(18,40),(209,58),(309,44),
276:(199,94),(129,34),(312,121),(8,95),(211,28),(26,49),(308,22),(287,32),(295,107),(175,49),(294,4),(262,82),(304,75),(16,32),(280,79),(294,61),(255,121),(145,61),(248,55),(30,103),(35,69),(274,82),(23,15),(67,67),(33,104),(196,100),(52,79),(254,94),(9,60),(302,84),(94,70),(94,111),(49,9),(171,95),(251,28),(314,109),(271,10),(272,54),(10,112),(281,102),(203,106),(88,70),(210,109),(295,3),(110,94),(97,25),(266,16),(18,40),(209,58),(309,44),
277:(199,94),(129,34),(312,121),(8,95),(211,28),(26,49),(308,22),(288,32),(296,107),(175,49),(294,4),(262,82),(304,75),(16,31),(280,79),(294,61),(255,121),(145,61),(248,55),(30,103),(34,69),(274,82),(23,15),(66,67),(33,104),(196,100),(52,79),(254,94),(9,60),(303,84),(94,70),(94,111),(49,9),(171,95),(251,28),(314,109),(271,10),(272,54),(10,112),(281,102),(203,106),(87,70),(211,109),(295,3),(110,94),(97,25),(266,16),(18,40),(209,58),(309,44),
278:(199,94),(129,34),(312,121),(8,95),(211,28),(26,49),(308,22),(289,32),(297,107),(175,49),(294,4),(262,82),(304,75),(15,31),(280,79),(294,61),(255,121),(145,61),(248,55),(30,103),(33,69),(274,82),(23,15),(65,67),(33,104),(196,100),(52,79),(254,94),(9,60),(304,84),(94,70),(94,111),(49,9),(171,95),(251,28),(314,109),(271,10),(272,54),(10,112),(281,102),(203,106),(86,70),(212,109),(295,3),(110,94),(97,25),(266,16),(18,40),(209,58),(309,44),
279:(199,94),(129,34),(312,121),(8,95),(211,28),(26,49),(308,22),(290,32),(298,107),(175,49),(294,4),(262,82),(304,75),(15,30),(280,79),(294,61),(255,121),(145,61),(248,55),(30,103),(32,69),(274,82),(23,15),(64,67),(33,104),(196,100),(52,79),(254,94),(9,60),(305,84),(94,70),(94,111),(49,9),(171,95),(251,28),(314,109),(271,10),(272,54),(10,112),(281,102),(203,106),(85,70),(213,109),(295,3),(110,94),(97,25),(266,16),(18,40),(209,58),(309,44),
280:(199,94),(129,34),(312,121),(8,95),(211,28),(26,49),(308,22),(291,32),(299,107),(175,49),(294,4),(262,82),(304,75),(15,29),(280,79),(294,61),(255,121),(145,61),(248,55),(30,103),(31,69),(274,82),(23,15),(63,67),(33,104),(196,100),(52,79),(254,94),(9,60),(306,84),(94,70),(94,111),(49,9),(171,95),(251,28),(314,109),(271,10),(272,54),(10,112),(281,102),(203,106),(84,70),(214,109),(295,3),(110,94),(97,25),(266,16),(18,40),(209,58),(309,44),
281:(199,94),(129,34),(312,121),(8,95),(211,28),(26,49),(308,22),(292,32),(300,107),(175,49),(294,4),(262,82),(304,75),(15,28),(280,79),(294,61),(255,121),(145,61),(248,55),(30,103),(30,69),(274,82),(23,15),(62,67),(33,104),(196,100),(52,79),(254,94),(9,60),(307,84),(94,70),(94,111),(49,9),(171,95),(251,28),(314,109),(271,10),(272,54),(10,112),(281,102),(203,106),(83,70),(215,109),(295,3),(110,94),(97,25),(266,16),(18,40),(209,58),(309,44),
282:(199,94),(129,34),(312,121),(8,95),(211,28),(26,49),(308,22),(293,32),(301,107),(175,49),(294,4),(262,82),(304,75),(15,28),(280,79),(294,61),(255,121),(145,61),(248,55),(30,103),(29,69),(274,82),(23,15),(61,67),(33,104),(196,100),(52,79),(254,94),(9,60),(308,84),(94,70),(94,111),(49,9),(171,95),(251,28),(314,109),(271,10),(272,54),(10,112),(281,102),(203,106),(82,70),(216,109),(295,3),(110,94),(97,25),(266,16),(18,40),(209,58),(309,44),
283:(199,94),(129,34),(312,121),(8,95),(211,28),(26,49),(308,22),(294,32),(302,107),(175,49),(294,4),(262,82),(304,75),(15,28),(280,79),(294,61),(255,121),(145,61),(248,55),(30,103),(28,69),(274,82),(23,15),(60,67),(33,104),(196,100),(52,79),(254,94),(9,60),(309,84),(94,70),(94,111),(49,9),(171,95),(251,28),(314,109),(271,10),(272,54),(10,112),(281,102),(203,106),(81,70),(217,109),(295,3),(110,94),(97,25),(266,16),(18,40),(209,58),(309,44),
284:(199,94),(129,34),(312,121),(8,95),(211,28),(26,49),(308,22),(295,32),(303,107),(175,49),(294,4),(262,82),(304,75),(15,28),(280,79),(294,61),(255,121),(145,61),(248,55),(30,103),(27,69),(274,82),(23,15),(59,67),(33,104),(196,100),(52,79),(254,94),(9,60),(309,84),(94,70),(94,111),(49,9),(171,95),(251,28),(314,109),(271,10),(272,54),(10,112),(281,102),(203,106),(80,70),(218,109),(295,3),(110,94),(97,25),(266,16),(18,40),(209,58),(309,44),
285:(199,94),(129,34),(312,121),(8,95),(211,28),(26,49),(308,22),(296,32),(304,107),(175,49),(294,4),(262,82),(304,75),(15,28),(280,79),(294,61),(255,121),(145,61),(248,55),(30,103),(26,69),(274,82),(23,15),(58,67),(33,104),(196,100),(52,79),(254,94),(9,60),(309,84),(94,70),(94,111),(49,9),(171,95),(251,28),(314,109),(271,10),(272,54),(10,112),(281,102),(203,106),(79,70),(219,109),(295,3),(110,94),(97,25),(266,16),(18,40),(209,58),(309,44),
286:(199,94),(129,34),(312,121),(8,95),(211,28),(26,49),(308,22),(297,32),(305,107),(175,49),(294,4),(262,82),(304,75),(15,28),(280,79),(294,61),(255,121),(145,61),(248,55),(30,103),(25,69),(274,82),(23,15),(57,67),(33,104),(196,100),(52,79),(254,94),(9,60),(309,84),(94,70),(94,111),(49,9),(171,95),(251,28),(314,109),(271,10),(272,54),(10,112),(281,102),(203,106),(78,70),(220,109),(295,3),(110,94),(97,25),(266,16),(18,40),(209,58),(309,44),
287:(199,94),(129,34),(312,121),(8,95),(211,28),(26,49),(308,22),(297,32),(306,107),(175,49),(294,4),(262,82),(304,75),(15,28),(280,79),(294,61),(255,121),(145,61),(248,55),(30,103),(25,69),(274,82),(23,15),(56,67),(33,104),(196,100),(52,79),(254,94),(9,60),(309,84),(94,70),(94,111),(49,9),(171,95),(251,28),(314,109),(271,10),(272,54),(10,112),(281,102),(203,106),(77,70),(221,109),(295,3),(110,94),(97,25),(266,16),(18,40),(209,58),(309,44),
288:(199,94),(129,34),(312,121),(8,95),(211,28),(26,49),(308,22),(297,32),(307,107),(175,49),(294,4),(262,82),(304,75),(15,28),(280,79),(294,61),(255,121),(145,61),(248,55),(30,103),(25,69),(274,82),(23,15),(55,67),(33,104),(196,100),(52,79),(254,94),(9,60),(309,84),(94,70),(94,111),(49,9),(171,95),(251,28),(314,109),(271,10),(272,54),(10,112),(281,102),(203,106),(76,70),(222,109),(295,3),(110,94),(97,25),(266,16),(18,40),(209,58),(309,44),
289:(199,94),(129,34),(312,121),(8,95),(211,28),(26,49),(308,22),(297,32),(308,107),(175,49),(294,4),(262,82),(304,75),(15,28),(280,79),(294,61),(255,121),(145,61),(248,55),(30,103),(25,69),(274,82),(23,15),(54,67),(33,104),(196,100),(52,79),(254,94),(9,60),(309,84),(94,70),(94,111),(49,9),(171,95),(251,28),(314,109),(271,10),(272,54),(10,112),(281,102),(203,106),(75,70),(223,109),(295,3),(110,94),(97,25),(266,16),(18,40),(209,58),(309,44),
290:(199,94),(129,34),(312,121),(8,95),(211,28),(26,49),(308,22),(297,32),(309,107),(175,49),(294,4),(262,82),(304,75),(15,28),(280,79),(294,61),(255,121),(145,61),(248,55),(30,103),(25,69),(274,82),(23,15),(53,67),(33,104),(196,100),(52,79),(254,94),(9,60),(309,84),(94,70),(94,111),(49,9),(171,95),(251,28),(314,109),(271,10),(272,54),(10,112),(281,102),(203,106),(74,70),(224,109),(295,3),(110,94),(97,25),(266,16),(18,40),(209,58),(309,44),
291:(199,94),(129,34),(312,121),(8,95),(211,28),(26,49),(308,22),(297,32),(310,107),(175,49),(294,4),(262,82),(304,75),(15,28),(280,79),(294,61),(255,121),(145,61),(248,55),(30,103),(25,69),(274,82),(23,15),(52,67),(33,104),(196,100),(52,79),(254,94),(9,60),(309,84),(94,70),(94,111),(49,9),(171,95),(251,28),(314,109),(271,10),(272,54),(10,112),(281,102),(203,106),(73,70),(225,109),(295,3),(110,94),(97,25),(266,16),(18,40),(209,58),(309,44),
292:(199,94),(129,34),(312,121),(8,95),(211,28),(26,49),(308,22),(297,32),(311,107),(175,49),(294,4),(262,82),(304,75),(15,28),(280,79),(294,61),(255,121),(145,61),(248,55),(30,103),(25,69),(274,82),(23,15),(51,67),(33,104),(196,100),(52,79),(254,94),(9,60),(309,84),(94,70),(94,111),(49,9),(171,95),(251,28),(314,109),(271,10),(272,54),(10,112),(281,102),(203,106),(72,70),(226,109),(295,3),(110,94),(97,25),(266,16),(18,40),(209,58),(309,44),
293:(199,94),(129,34),(312,121),(8,95),(211,28),(26,49),(308,22),(297,32),(312,107),(175,49),(294,4),(262,82),(304,75),(15,28),(280,79),(294,61),(255,121),(145,61),(248,55),(30,103),(25,69),(274,82),(23,15),(50,67),(33,104),(196,100),(52,79),(254,94),(9,60),(309,84),(94,70),(94,111),(49,9),(171,95),(251,28),(314,109),(271,10),(272,54),(10,112),(281,102),(203,106),(71,70),(227,109),(295,3),(110,94),(97,25),(266,16),(18,40),(209,58),(309,44),
294:(199,94),(129,34),(312,121),(8,95),(211,28),(26,49),(308,22),(297,32),(313,107),(175,49),(294,4),(262,82),(304,75),(15,28),(280,79),(294,61),(255,121),(145,61),(248,55),(30,103),(25,69),(274,82),(23,15),(49,67),(33,104),(196,100),(52,79),(254,94),(9,60),(309,84),(94,70),(94,111),(49,9),(171,95),(251,28),(314,109),(271,10),(272,54),(10,112),(281,102),(203,106),(70,70),(228,109),(295,3),(110,94),(97,25),(266,16),(18,40),(209,58),(309,44),
295:(199,94),(129,34),(312,121),(8,95),(211,28),(26,49),(308,22),(297,32),(314,107),(175,49),(294,4),(262,82),(304,75),(15,28),(280,79),(294,61),(255,121),(145,61),(248,55),(30,103),(25,69),(274,82),(23,15),(48,67),(33,104),(196,100),(52,79),(254,94),(9,60),(309,84),(94,70),(94,111),(49,9),(171,95),(251,28),(314,109),(271,10),(272,54),(10,112),(281,102),(203,106),(69,70),(229,109),(295,3),(110,94),(97,25),(266,16),(18,40),(209,58),(309,44),
296:(199,94),(129,34),(312,121),(8,95),(211,28),(26,49),(308,22),(297,32),(315,107),(175,49),(294,4),(262,82),(304,75),(15,28),(280,79),(294,61),(255,121),(145,61),(248,55),(30,103),(25,69),(274,82),(23,15),(47,67),(33,104),(196,100),(52,79),(254,94),(9,60),(309,84),(94,70),(94,111),(49,9),(171,95),(251,28),(314,109),(271,10),(272,54),(10,112),(281,102),(203,106),(68,70),(230,109),(295,3),(110,94),(97,25),(266,16),(18,40),(209,58),(309,44),
297:(199,94),(129,34),(312,121),(8,95),(211,28),(26,49),(308,22),(297,32),(315,107),(175,49),(294,4),(262,82),(304,75),(15,28),(280,79),(294,61),(255,121),(145,61),(248,55),(30,103),(25,69),(274,82),(23,15),(47,68),(33,104),(196,100),(52,79),(254,94),(9,60),(309,84),(94,70),(94,111),(49,9),(171,95),(251,28),(314,109),(271,10),(272,54),(10,112),(281,102),(203,106),(67,70),(231,109),(295,3),(110,94),(97,25),(266,16),(18,40),(209,58),(309,44),
298:(199,94),(129,34),(312,121),(8,95),(211,28),(26,49),(308,22),(297,32),(315,107),(175,49),(294,4),(262,82),(304,75),(15,28),(280,79),(294,61),(255,121),(145,61),(248,55),(30,103),(25,69),(274,82),(23,15),(46,68),(33,104),(196,100),(52,79),(254,94),(9,60),(309,84),(94,70),(94,111),(49,9),(171,95),(251,28),(314,109),(271,10),(272,54),(10,112),(281,102),(203,106),(66,70),(232,109),(295,3),(110,94),(97,25),(266,16),(18,40),(209,58),(309,44),
299:(199,94),(129,34),(312,121),(8,95),(211,28),(26,49),(308,22),(297,32),(315,107),(175,49),(294,4),(262,82),(304,75),(15,28),(280,79),(294,61),(255,121),(145,61),(248,55),(30,103),(25,69),(274,82),(23,15),(45,68),(33,104),(196,100),(52,79),(254,94),(9,60),(309,84),(94,70),(94,111),(49,9),(171,95),(251,28),(314,109),(271,10),(272,54),(10,112),(281,102),(203,106),(65,70),(233,109),(295,3),(110,94),(97,25),(266,16),(18,40),(209,58),(309,44),
300:(199,94),(129,34),(312,121),(8,95),(211,28),(26,49),(308,22),(297,32),(315,107),(175,49),(294,4),(262,82),(304,75),(15,28),(280,79),(294,61),(255,121),(145,61),(248,55),(30,103),(25,69),(274,82),(23,15),(44,68),(33,104),(196,100),(52,79),(254,94),(9,60),(309,84),(94,70),(94,111),(49,9),(171,95),(251,28),(314,109),(271,10),(272,54),(10,112),(281,102),(203,106),(64,70),(234,109),(295,3),(110,94),(97,25),(266,16),(18,40),(209,58),(309,44),
301:(199,94),(129,34),(312,121),(8,95),(211,28),(26,49),(308,22),(297,32),(315,107),(175,49),(294,4),(262,82),(304,75),(15,28),(280,79),(294,61),(255,121),(145,61),(248,55),(30,103),(25,69),(274,82),(23,15),(43,68),(33,104),(196,100),(52,79),(254,94),(9,60),(309,84),(94,70),(94,111),(49,9),(171,95),(251,28),(314,109),(271,10),(272,54),(10,112),(281,102),(203,106),(63,70),(235,109),(295,3),(110,94),(97,25),(266,16),(18,40),(209,58),(309,44),
302:(199,94),(129,34),(312,121),(8,95),(211,28),(26,49),(308,22),(297,32),(315,107),(175,49),(294,4),(262,82),(304,75),(15,28),(280,79),(294,61),(255,121),(145,61),(248,55),(30,103),(25,69),(274,82),(23,15),(42,68),(33,104),(196,100),(52,79),(254,94),(9,60),(309,84),(94,70),(94,111),(49,9),(171,95),(251,28),(314,109),(271,10),(272,54),(10,112),(281,102),(203,106),(62,70),(236,109),(295,3),(110,94),(97,25),(266,16),(18,40),(209,58),(309,44),
303:(199,94),(129,34),(312,121),(8,95),(211,28),(26,49),(308,22),(297,32),(315,107),(175,49),(294,4),(262,82),(304,75),(15,28),(280,79),(294,61),(255,121),(145,61),(248,55),(30,103),(25,69),(274,82),(23,15),(41,68),(33,104),(196,100),(52,79),(254,94),(9,60),(309,84),(94,70),(94,111),(49,9),(171,95),(251,28),(314,109),(271,10),(272,54),(10,112),(281,102),(203,106),(61,70),(237,109),(295,3),(110,94),(97,25),(266,16),(18,40),(209,58),(309,44),
304:(199,94),(129,34),(312,121),(8,95),(211,28),(26,49),(308,22),(297,32),(315,107),(175,49),(294,4),(262,82),(304,75),(15,28),(280,79),(294,61),(255,121),(145,61),(248,55),(30,103),(25,69),(274,82),(23,15),(40,68),(33,104),(196,100),(52,79),(254,94),(9,60),(309,84),(94,70),(94,111),(49,9),(171,95),(251,28),(314,109),(271,10),(272,54),(10,112),(281,102),(203,106),(61,71),(238,109),(295,3),(110,94),(97,25),(266,16),(18,40),(209,58),(309,44),
305:(199,94),(129,34),(312,121),(8,95),(211,28),(26,49),(308,22),(297,32),(315,107),(175,49),(294,4),(262,82),(304,75),(15,28),(280,79),(294,61),(255,121),(145,61),(248,55),(30,103),(25,69),(274,82),(23,15),(39,68),(33,104),(196,100),(52,79),(254,94),(9,60),(309,84),(94,70),(94,111),(49,9),(171,95),(251,28),(314,109),(271,10),(272,54),(10,112),(281,102),(203,106),(61,71),(239,109),(295,3),(110,94),(97,25),(266,16),(18,40),(209,58),(309,44),
306:(199,94),(129,34),(312,121),(8,95),(211,28),(26,49),(308,22),(297,32),(315,107),(175,49),(294,4),(262,82),(304,75),(15,28),(280,79),(294,61),(255,121),(145,61),(248,55),(30,103),(25,69),(274,82),(23,15),(38,68),(33,104),(196,100),(52,79),(254,94),(9,60),(309,84),(94,70),(94,111),(49,9),(171,95),(251,28),(314,109),(271,10),(272,54),(10,112),(281,102),(203,106),(61,71),(240,109),(295,3),(110,94),(97,25),(266,16),(18,40),(209,58),(309,44),
307:(199,94),(129,34),(312,121),(8,95),(211,28),(26,49),(308,22),(297,32),(315,107),(175,49),(294,4),(262,82),(304,75),(15,28),(280,79),(294,61),(255,121),(145,61),(248,55),(30,103),(25,69),(274,82),(23,15),(37,68),(33,104),(196,100),(52,79),(254,94),(9,60),(309,84),(94,70),(94,111),(49,9),(171,95),(251,28),(314,109),(271,10),(272,54),(10,112),(281,102),(203,106),(61,71),(241,109),(295,3),(110,94),(97,25),(266,16),(18,40),(209,58),(309,44),
308:(199,94),(129,34),(312,121),(8,95),(211,28),(26,49),(308,22),(297,32),(315,107),(175,49),(294,4),(262,82),(304,75),(15,28),(280,79),(294,61),(255,121),(145,61),(248,55),(30,103),(25,69),(274,82),(23,15),(36,68),(33,104),(196,100),(52,79),(254,94),(9,60),(309,84),(94,70),(94,111),(49,9),(171,95),(251,28),(314,109),(271,10),(272,54),(10,112),(281,102),(203,106),(61,71),(242,109),(295,3),(110,94),(97,25),(266,16),(18,40),(209,58),(309,44),
309:(199,94),(129,34),(312,121),(8,95),(211,28),(26,49),(308,22),(297,32),(315,107),(175,49),(294,4),(262,82),(304,75),(15,28),(280,79),(294,61),(255,121),(145,61),(248,55),(30,103),(25,69),(274,82),(23,15),(35,68),(33,104),(196,100),(52,79),(254,94),(9,60),(309,84),(94,70),(94,111),(49,9),(171,95),(251,28),(314,109),(271,10),(272,54),(10,112),(281,102),(203,106),(61,71),(243,109),(295,3),(110,94),(97,25),(266,16),(18,40),(209,58),(309,44),
310:(199,94),(129,34),(312,121),(8,95),(211,28),(26,49),(308,22),(297,32),(315,107),(175,49),(294,4),(262,82),(304,75),(15,28),(280,79),(294,61),(255,121),(145,61),(248,55),(30,103),(25,69),(274,82),(23,15),(34,68),(33,104),(196,100),(52,79),(254,94),(9,60),(309,84),(94,70),(94,111),(49,9),(171,95),(251,28),(314,109),(271,10),(272,54),(10,112),(281,102),(203,106),(61,71),(244,109),(295,3),(110,94),(97,25),(266,16),(18,40),(209,58),(309,44),
311:(199,94),(129,34),(312,121),(8,95),(211,28),(26,49),(308,22),(297,32),(315,107),(175,49),(294,4),(262,82),(304,75),(15,28),(280,79),(294,61),(255,121),(145,61),(248,55),(30,103),(25,69),(274,82),(23,15),(33,68),(33,104),(196,100),(52,79),(254,94),(9,60),(309,84),(94,70),(94,111),(49,9),(171,95),(251,28),(314,109),(271,10),(272,54),(10,112),(281,102),(203,106),(61,71),(245,109),(295,3),(110,94),(97,25),(266,16),(18,40),(209,58),(309,44),
312:(199,94),(129,34),(312,121),(8,95),(211,28),(26,49),(308,22),(297,32),(315,107),(175,49),(294,4),(262,82),(304,75),(15,28),(280,79),(294,61),(255,121),(145,61),(248,55),(30,103),(25,69),(274,82),(23,15),(33,68),(33,104),(196,100),(52,79),(254,94),(9,60),(309,84),(94,70),(94,111),(49,9),(171,95),(251,28),(314,109),(271,10),(272,54),(10,112),(281,102),(203,106),(61,71),(246,109),(295,3),(110,94),(97,25),(266,16),(18,40),(209,58),(309,44),
313:(199,94),(129,34),(312,121),(8,95),(211,28),(26,49),(308,22),(297,32),(315,107),(175,49),(294,4),(262,82),(304,75),(15,28),(280,79),(294,61),(255,121),(145,61),(248,55),(30,103),(25,69),(274,82),(23,15),(33,68),(33,104),(196,100),(52,79),(254,94),(9,60),(309,84),(94,70),(94,111),(49,9),(171,95),(251,28),(314,109),(271,10),(272,54),(10,112),(281,102),(203,106),(61,71),(247,109),(295,3),(110,94),(97,25),(266,16),(18,40),(209,58),(309,44),
314:(199,94),(129,34),(312,121),(8,95),(211,28),(26,49),(308,22),(297,32),(315,107),(175,49),(294,4),(262,82),(304,75),(15,28),(280,79),(294,61),(255,121),(145,61),(248,55),(30,103),(25,69),(274,82),(23,15),(33,68),(33,104),(196,100),(52,79),(254,94),(9,60),(309,84),(94,70),(94,111),(49,9),(171,95),(251,28),(314,109),(271,10),(272,54),(10,112),(281,102),(203,106),(61,71),(248,109),(295,3),(110,94),(97,25),(266,16),(18,40),(209,58),(309,44),
315:(199,94),(129,34),(312,121),(8,95),(211,28),(26,49),(308,22),(297,32),(315,107),(175,49),(294,4),(262,82),(304,75),(15,28),(280,79),(294,61),(255,121),(145,61),(248,55),(30,103),(25,69),(274,82),(23,15),(33,68),(33,104),(196,100),(52,79),(254,94),(9,60),(309,84),(94,70),(94,111),(49,9),(171,95),(251,28),(314,109),(271,10),(272,54),(10,112),(281,102),(203,106),(61,71),(249,109),(295,3),(110,94),(97,25),(266,16),(18,40),(209,58),(309,44),
316:(199,94),(129,34),(312,121),(8,95),(211,28),(26,49),(308,22),(297,32),(315,107),(175,49),(294,4),(262,82),(304,75),(15,28),(280,79),(294,61),(255,121),(145,61),(248,55),(30,103),(25,69),(274,82),(23,15),(33,68),(33,104),(196,100),(52,79),(254,94),(9,60),(309,84),(94,70),(94,111),(49,9),(171,95),(251,28),(314,109),(271,10),(272,54),(10,112),(281,102),(203,106),(61,71),(250,109),(295,3),(110,94),(97,25),(266,16),(18,40),(209,58),(309,44),
317:(199,94),(129,34),(312,121),(8,95),(211,28),(26,49),(308,22),(297,32),(315,107),(175,49),(294,4),(262,82),(304,75),(15,28),(280,79),(294,61),(255,121),(145,61),(248,55),(30,103),(25,69),(274,82),(23,15),(33,68),(33,104),(196,100),(52,79),(254,94),(9,60),(309,84),(94,70),(94,111),(49,9),(171,95),(251,28),(314,109),(271,10),(272,54),(10,112),(281,102),(203,106),(61,71),(251,109),(295,3),(110,94),(97,25),(266,16),(18,40),(209,58),(309,44),
318:(199,94),(129,34),(312,121),(8,95),(211,28),(26,49),(308,22),(297,32),(315,107),(175,49),(294,4),(262,82),(304,75),(15,28),(280,79),(294,61),(255,121),(145,61),(248,55),(30,103),(25,69),(274,82),(23,15),(33,68),(33,104),(196,100),(52,79),(254,94),(9,60),(309,84),(94,70),(94,111),(49,9),(171,95),(251,28),(314,109),(271,10),(272,54),(10,112),(281,102),(203,106),(61,71),(252,109),(295,3),(110,94),(97,25),(266,16),(18,40),(209,58),(309,44),
319:(199,94),(129,34),(312,121),(8,95),(211,28),(26,49),(308,22),(297,32),(315,107),(175,49),(294,4),(262,82),(304,75),(15,28),(280,79),(294,61),(255,121),(145,61),(248,55),(30,103),(25,69),(274,82),(23,15),(33,68),(33,104),(196,100),(52,79),(254,94),(9,60),(309,84),(94,70),(94,111),(49,9),(171,95),(251,28),(314,109),(271,10),(272,54),(10,112),(281,102),(203,106),(61,71),(253,109),(295,3),(110,94),(97,25),(266,16),(18,40),(209,58),(309,44),
320:(199,94),(129,34),(312,121),(8,95),(211,28),(26,49),(308,22),(297,32),(315,107),(175,49),(294,4),(262,82),(304,75),(15,28),(280,79),(294,61),(255,121),(145,61),(248,55),(30,103),(25,69),(274,82),(23,15),(33,68),(33,104),(196,100),(52,79),(254,94),(9,60),(309,84),(94,70),(94,111),(49,9),(171,95),(251,28),(314,109),(271,10),(272,54),(10,112),(281,102),(203,106),(61,71),(254,109),(295,3),(110,94),(97,25),(266,16),(18,40),(209,58),(309,44),
321:(199,94),(129,34),(312,121),(8,95),(211,28),(26,49),(308,22),(297,32),(315,107),(175,49),(294,4),(262,82),(304,75),(15,28),(280,79),(294,61),(255,121),(145,61),(248,55),(30,103),(25,69),(274,82),(23,15),(33,68),(33,104),(196,100),(52,79),(254,94),(9,60),(309,84),(94,70),(94,111),(49,9),(171,95),(251,28),(314,109),(271,10),(272,54),(10,112),(281,102),(203,106),(61,71),(255,109),(295,3),(110,94),(97,25),(266,16),(18,40),(209,58),(309,44),
322:(199,94),(129,34),(312,121),(8,95),(211,28),(26,49),(308,22),(297,32),(315,107),(175,49),(294,4),(262,82),(304,75),(15,28),(280,79),(294,61),(255,121),(145,61),(248,55),(30,103),(25,69),(274,82),(23,15),(33,68),(33,104),(196,100),(52,79),(254,94),(9,60),(309,84),(94,70),(94,111),(49,9),(171,95),(251,28),(314,109),(271,10),(272,54),(10,112),(281,102),(203,106),(61,71),(256,109),(295,3),(110,94),(97,25),(266,16),(18,40),(209,58),(309,44),
323:(199,94),(129,34),(312,121),(8,95),(211,28),(26,49),(308,22),(297,32),(315,107),(175,49),(294,4),(262,82),(304,75),(15,28),(280,79),(294,61),(255,121),(145,61),(248,55),(30,103),(25,69),(274,82),(23,15),(33,68),(33,104),(196,100),(52,79),(254,94),(9,60),(309,84),(94,70),(94,111),(49,9),(171,95),(251,28),(314,109),(271,10),(272,54),(10,112),(281,102),(203,106),(61,71),(257,109),(295,3),(110,94),(97,25),(266,16),(18,40),(209,58),(309,44),
324:(199,94),(129,34),(312,121),(8,95),(211,28),(26,49),(308,22),(297,32),(315,107),(175,49),(294,4),(262,82),(304,75),(15,28),(280,79),(294,61),(255,121),(145,61),(248,55),(30,103),(25,69),(274,82),(23,15),(33,68),(33,104),(196,100),(52,79),(254,94),(9,60),(309,84),(94,70),(94,111),(49,9),(171,95),(251,28),(314,109),(271,10),(272,54),(10,112),(281,102),(203,106),(61,71),(258,109),(295,3),(110,94),(97,25),(266,16),(18,40),(209,58),(309,44),
325:(199,94),(129,34),(312,121),(8,95),(211,28),(26,49),(308,22),(297,32),(315,107),(175,49),(294,4),(262,82),(304,75),(15,28),(280,79),(294,61),(255,121),(145,61),(248,55),(30,103),(25,69),(274,82),(23,15),(33,68),(33,104),(196,100),(52,79),(254,94),(9,60),(309,84),(94,70),(94,111),(49,9),(171,95),(251,28),(314,109),(271,10),(272,54),(10,112),(281,102),(203,106),(61,71),(259,109),(295,3),(110,94),(97,25),(266,16),(18,40),(209,58),(309,44),
326:(199,94),(129,34),(312,121),(8,95),(211,28),(26,49),(308,22),(297,32),(315,107),(175,49),(294,4),(262,82),(304,75),(15,28),(280,79),(294,61),(255,121),(145,61),(248,55),(30,103),(25,69),(274,82),(23,15),(33,68),(33,104),(196,100),(52,79),(254,94),(9,60),(309,84),(94,70),(94,111),(49,9),(171,95),(251,28),(314,109),(271,10),(272,54),(10,112),(281,102),(203,106),(61,71),(259,110),(295,3),(110,94),(97,25),(266,16),(18,40),(209,58),(309,44),
327:(199,94),(129,34),(312,121),(8,95),(211,28),(26,49),(308,22),(297,32),(315,107),(175,49),(294,4),(262,82),(304,75),(15,28),(280,79),(294,61),(255,121),(145,61),(248,55),(30,103),(25,69),(274,82),(23,15),(33,68),(33,104),(196,100),(52,79),(254,94),(9,60),(309,84),(94,70),(94,111),(49,9),(171,95),(251,28),(314,109),(271,10),(272,54),(10,112),(281,102),(203,106),(61,71),(259,111),(295,3),(110,94),(97,25),(266,16),(18,40),(209,58),(309,44),
